assignDate,assignmentType,averageScore,createdAt,description,dueDate,id,lateRate,maxAttempts,maxScore,moduleId,name,submissionRate,updatedAt,weight
2023-09-02T00:00:00,Project,76.52777777777777,2025-03-20T18:55:29.198164,Create a comprehensive solution that showcases your skills. This project focuses on Project on Practice.,2023-09-08T00:00:00,ASG270607,11.11111111111111,,100.0,MOD010175,Project on Practice,18,2025-03-20T18:55:29.265650,0.25
2023-09-14T00:00:00,Project,75.61666666666667,2025-03-20T18:55:29.198164,This project allows you to apply concepts in a practical context. This project focuses on Project on English Fundamentals.,2023-09-18T00:00:00,ASG729178,11.11111111111111,,100.0,MOD240266,Project on English Fundamentals,18,2025-03-20T18:55:29.265650,0.25
2023-09-25T00:00:00,Exam,74.95555555555556,2025-03-20T18:55:29.198164,Demonstrate your mastery of the subject through this detailed examination. This exam focuses on Discussion Applications Assessment 1.,2023-09-29T00:00:00,ASG728940,22.22222222222222,2,100.0,MOD300832,Discussion Applications Assessment 1,18,2025-03-20T18:55:29.265650,0.3
2023-09-24T00:00:00,Quiz,74.94444444444447,2025-03-20T18:55:29.198164,A short quiz to test your understanding of key concepts. This quiz focuses on Quiz on Discussion Applications.,2023-10-01T00:00:00,ASG983803,16.666666666666664,2,100.0,MOD300832,Quiz on Discussion Applications,18,2025-03-20T18:55:29.265650,0.15
2023-10-04T00:00:00,Quiz,72.55000000000001,2025-03-20T18:55:29.198164,Complete this quiz to demonstrate your knowledge of basic concepts. This quiz focuses on Quiz on Project in English.,2023-10-10T00:00:00,ASG688090,5.555555555555555,2,100.0,MOD633350,Quiz on Project in English,18,2025-03-20T18:55:29.265650,0.15
2023-10-15T00:00:00,Quiz,73.86111111111111,2025-03-20T18:55:29.198164,Complete this quiz to demonstrate your knowledge of basic concepts. This quiz focuses on English Fundamentals Quiz 1.,2023-10-24T00:00:00,ASG917915,22.22222222222222,2,100.0,MOD775009,English Fundamentals Quiz 1,18,2025-03-20T18:55:29.265650,0.15
2023-10-29T00:00:00,Project,74.44444444444446,2025-03-20T18:55:29.198164,Develop a project that demonstrates your understanding of the material. This project focuses on Project - English Fundamentals Concepts.,2023-11-06T00:00:00,ASG694282,5.555555555555555,,100.0,MOD869550,Project - English Fundamentals Concepts,18,2025-03-20T18:55:29.265650,0.25
2023-11-10T00:00:00,Project,78.61666666666667,2025-03-20T18:55:29.198164,Create a comprehensive solution that showcases your skills. This project focuses on Theory Assessment 1.,2023-11-15T00:00:00,ASG454754,16.666666666666664,,100.0,MOD770928,Theory Assessment 1,18,2025-03-20T18:55:29.265650,0.25
2023-11-09T00:00:00,Homework,74.75000000000001,2025-03-20T18:55:29.198164,Apply what you've learned by completing these problems. This homework focuses on Homework - Theory Concepts.,2023-11-16T00:00:00,ASG859975,33.33333333333333,2,100.0,MOD770928,Homework - Theory Concepts,18,2025-03-20T18:55:29.265650,0.2
2023-11-19T00:00:00,Exam,74.1611111111111,2025-03-20T18:55:29.198164,Demonstrate your mastery of the subject through this detailed examination. This exam focuses on Research in English Exam 1.,2023-11-23T00:00:00,ASG772542,11.11111111111111,2,100.0,MOD448289,Research in English Exam 1,18,2025-03-20T18:55:29.265650,0.3
2023-11-20T00:00:00,Participation,76.1,2025-03-20T18:55:29.198164,Contribute to class discussions and activities. This participation focuses on Research in English.,2023-11-23T00:00:00,ASG567539,5.555555555555555,,100.0,MOD448289,Participation 2: Research in English,18,2025-03-20T18:55:29.265650,0.1
2023-09-15T00:00:00,Homework,70.85909090909091,2025-03-20T18:55:29.198164,Complete these exercises to reinforce your understanding. This homework focuses on Data Research.,2023-09-22T00:00:00,ASG746751,18.181818181818183,2,100.0,MOD721690,Homework 1: Data Research,22,2025-03-20T18:55:29.267255,0.2
2023-09-24T00:00:00,Project,70.24545454545456,2025-03-20T18:55:29.198164,This project allows you to apply concepts in a practical context. This project focuses on Data Theory.,2023-09-29T00:00:00,ASG722990,9.090909090909092,,100.0,MOD039013,Project 1: Data Theory,22,2025-03-20T18:55:29.267255,0.25
2023-10-04T00:00:00,Participation,71.44999999999999,2025-03-20T18:55:29.198164,Your active participation in class activities will be assessed. This participation focuses on Research Participation 1.,2023-10-10T00:00:00,ASG482522,22.727272727272727,,100.0,MOD441619,Research Participation 1,22,2025-03-20T18:55:29.267255,0.1
2023-10-05T00:00:00,Quiz,67.35,2025-03-20T18:55:29.198164,This quiz covers the essential material from recent lessons. This quiz focuses on Research Quiz 2.,2023-10-11T00:00:00,ASG516780,9.090909090909092,3,100.0,MOD441619,Research Quiz 2,22,2025-03-20T18:55:29.267255,0.15
2023-10-14T00:00:00,Homework,73.7818181818182,2025-03-20T18:55:29.198164,Apply what you've learned by completing these problems. This homework focuses on Discussion Applications Homework 1.,2023-10-17T00:00:00,ASG521873,9.090909090909092,1,100.0,MOD451056,Discussion Applications Homework 1,22,2025-03-20T18:55:29.267255,0.2
2023-10-22T00:00:00,Exam,71.61818181818182,2025-03-20T18:55:29.198164,This exam assesses your overall understanding of the material. This exam focuses on Exam - Data Project Concepts.,2023-10-28T00:00:00,ASG169994,13.636363636363635,3,100.0,MOD605635,Exam - Data Project Concepts,22,2025-03-20T18:55:29.267255,0.3
2023-10-29T00:00:00,Quiz,73.39999999999999,2025-03-20T18:55:29.198164,A short quiz to test your understanding of key concepts. This quiz focuses on Practice in Data Quiz 1.,2023-11-05T00:00:00,ASG232418,13.636363636363635,1,100.0,MOD915775,Practice in Data Quiz 1,22,2025-03-20T18:55:29.267255,0.15
2023-10-30T00:00:00,Quiz,70.17727272727272,2025-03-20T18:55:29.198164,This quiz covers the essential material from recent lessons. This quiz focuses on Practice in Data.,2023-11-03T00:00:00,ASG287262,22.727272727272727,3,100.0,MOD915775,Quiz 2: Practice in Data,22,2025-03-20T18:55:29.267255,0.15
2023-11-07T00:00:00,Quiz,72.52727272727272,2025-03-20T18:55:29.198164,A short quiz to test your understanding of key concepts. This quiz focuses on Data Theory Quiz 1.,2023-11-12T00:00:00,ASG202206,4.545454545454546,3,100.0,MOD857434,Data Theory Quiz 1,22,2025-03-20T18:55:29.267255,0.15
2023-11-16T00:00:00,Exam,71.55,2025-03-20T18:55:29.198164,A comprehensive exam covering all major topics in this module. This exam focuses on Project.,2023-11-20T00:00:00,ASG503768,31.818181818181817,1,100.0,MOD063883,Exam 1: Project,22,2025-03-20T18:55:29.267255,0.3
2023-11-22T00:00:00,Participation,72.24545454545454,2025-03-20T18:55:29.198164,Engage with the material through discussion and collaboration. This participation focuses on Theory Applications Assessment 1.,2023-11-24T00:00:00,ASG124485,9.090909090909092,,100.0,MOD617876,Theory Applications Assessment 1,22,2025-03-20T18:55:29.267255,0.1
2023-09-08T00:00:00,Project,75.58333333333334,2025-03-20T18:55:29.198164,This project allows you to apply concepts in a practical context. This project focuses on Theory in Physics.,2023-09-16T00:00:00,ASG289368,16.666666666666664,,100.0,MOD432945,Project 1: Theory in Physics,12,2025-03-20T18:55:29.263710,0.25
2023-09-08T00:00:00,Exam,76.73333333333333,2025-03-20T18:55:29.198164,Demonstrate your mastery of the subject through this detailed examination. This exam focuses on Exam - Theory in Physics Concepts.,2023-09-14T00:00:00,ASG288052,0.0,2,100.0,MOD432945,Exam - Theory in Physics Concepts,12,2025-03-20T18:55:29.263710,0.3
2023-09-19T00:00:00,Homework,76.21666666666667,2025-03-20T18:55:29.198164,This homework assignment provides practice with key concepts. This homework focuses on Homework on Project in Physics.,2023-09-23T00:00:00,ASG478405,8.333333333333332,2,100.0,MOD360367,Homework on Project in Physics,12,2025-03-20T18:55:29.263710,0.2
2023-09-18T00:00:00,Exam,73.91666666666667,2025-03-20T18:55:29.198164,This exam assesses your overall understanding of the material. This exam focuses on Exam - Project in Physics Concepts.,2023-09-21T00:00:00,ASG442449,16.666666666666664,1,100.0,MOD360367,Exam - Project in Physics Concepts,12,2025-03-20T18:55:29.263710,0.3
2023-09-26T00:00:00,Homework,75.6,2025-03-20T18:55:29.198164,This homework assignment provides practice with key concepts. This homework focuses on Physics Fundamentals Homework 1.,2023-09-30T00:00:00,ASG775325,8.333333333333332,2,100.0,MOD838389,Physics Fundamentals Homework 1,12,2025-03-20T18:55:29.263710,0.2
2023-09-26T00:00:00,Participation,73.75833333333334,2025-03-20T18:55:29.198164,Engage with the material through discussion and collaboration. This participation focuses on Physics Fundamentals Participation 2.,2023-10-02T00:00:00,ASG571187,8.333333333333332,,100.0,MOD838389,Physics Fundamentals Participation 2,12,2025-03-20T18:55:29.263710,0.1
2023-10-04T00:00:00,Participation,73.85000000000001,2025-03-20T18:55:29.198164,Your active participation in class activities will be assessed. This participation focuses on Physics Research.,2023-10-11T00:00:00,ASG022676,16.666666666666664,,100.0,MOD719543,Participation 1: Physics Research,12,2025-03-20T18:55:29.263710,0.1
2023-10-04T00:00:00,Project,73.05,2025-03-20T18:55:29.198164,Create a comprehensive solution that showcases your skills. This project focuses on Physics Research.,2023-10-08T00:00:00,ASG833149,25.0,,100.0,MOD719543,Project 2: Physics Research,12,2025-03-20T18:55:29.263710,0.25
2023-10-12T00:00:00,Homework,69.98333333333333,2025-03-20T18:55:29.198164,This homework assignment provides practice with key concepts. This homework focuses on Physics Fundamentals Homework 1.,2023-10-16T00:00:00,ASG477369,0.0,4,100.0,MOD224786,Physics Fundamentals Homework 1,12,2025-03-20T18:55:29.263710,0.2
2023-10-22T00:00:00,Project,71.99166666666666,2025-03-20T18:55:29.198164,Create a comprehensive solution that showcases your skills. This project focuses on Research Project 1.,2023-10-28T00:00:00,ASG554347,33.33333333333333,,100.0,MOD701252,Research Project 1,12,2025-03-20T18:55:29.263710,0.25
2023-10-20T00:00:00,Quiz,72.48333333333333,2025-03-20T18:55:29.198164,A short quiz to test your understanding of key concepts. This quiz focuses on Quiz on Research.,2023-10-27T00:00:00,ASG694385,8.333333333333332,2,100.0,MOD701252,Quiz on Research,12,2025-03-20T18:55:29.263710,0.15
2023-10-31T00:00:00,Participation,75.08333333333334,2025-03-20T18:55:29.198164,Contribute to class discussions and activities. This participation focuses on Research Participation 1.,2023-11-05T00:00:00,ASG937746,16.666666666666664,,100.0,MOD107933,Research Participation 1,12,2025-03-20T18:55:29.263710,0.1
2023-11-08T00:00:00,Exam,73.97500000000001,2025-03-20T18:55:29.198164,A comprehensive exam covering all major topics in this module. This exam focuses on Exam on Research in Physics.,2023-11-10T00:00:00,ASG601974,0.0,1,100.0,MOD452499,Exam on Research in Physics,12,2025-03-20T18:55:29.263710,0.3
2023-11-06T00:00:00,Homework,72.22500000000001,2025-03-20T18:55:29.198164,Complete these exercises to reinforce your understanding. This homework focuses on Homework - Research in Physics Concepts.,2023-11-13T00:00:00,ASG938684,25.0,4,100.0,MOD452499,Homework - Research in Physics Concepts,12,2025-03-20T18:55:29.263710,0.2
2023-11-14T00:00:00,Exam,75.69166666666668,2025-03-20T18:55:29.198164,Demonstrate your mastery of the subject through this detailed examination. This exam focuses on Physics Practice Exam 1.,2023-11-20T00:00:00,ASG808160,0.0,2,100.0,MOD810672,Physics Practice Exam 1,12,2025-03-20T18:55:29.263710,0.3
2023-11-24T00:00:00,Project,75.05000000000001,2025-03-20T18:55:29.198164,This project allows you to apply concepts in a practical context. This project focuses on Project - Theory in Physics Concepts.,2023-11-29T00:00:00,ASG905079,16.666666666666664,,100.0,MOD535204,Project - Theory in Physics Concepts,12,2025-03-20T18:55:29.263710,0.25
2023-12-01T00:00:00,Project,73.74166666666666,2025-03-20T18:55:29.198164,Develop a project that demonstrates your understanding of the material. This project focuses on Project - Project in Physics Concepts.,2023-12-06T00:00:00,ASG404628,8.333333333333332,,100.0,MOD651040,Project - Project in Physics Concepts,12,2025-03-20T18:55:29.263710,0.25
2023-12-03T00:00:00,Quiz,76.72500000000001,2025-03-20T18:55:29.198164,Complete this quiz to demonstrate your knowledge of basic concepts. This quiz focuses on Project in Physics Assessment 2.,2023-12-06T00:00:00,ASG400694,16.666666666666664,1,100.0,MOD651040,Project in Physics Assessment 2,12,2025-03-20T18:55:29.263710,0.15
2023-12-12T00:00:00,Project,72.69166666666668,2025-03-20T18:55:29.198164,This project allows you to apply concepts in a practical context. This project focuses on Theory in Physics.,2023-12-16T00:00:00,ASG652289,25.0,,100.0,MOD634100,Project 1: Theory in Physics,12,2025-03-20T18:55:29.263710,0.25
2023-12-20T00:00:00,Homework,74.675,2025-03-20T18:55:29.198164,This homework assignment provides practice with key concepts. This homework focuses on Physics Fundamentals Homework 1.,2023-12-24T00:00:00,ASG317012,0.0,4,100.0,MOD151688,Physics Fundamentals Homework 1,12,2025-03-20T18:55:29.263710,0.2
2023-12-19T00:00:00,Exam,74.40833333333333,2025-03-20T18:55:29.198164,Demonstrate your mastery of the subject through this detailed examination. This exam focuses on Physics Fundamentals Assessment 2.,2023-12-24T00:00:00,ASG727619,41.66666666666667,1,100.0,MOD151688,Physics Fundamentals Assessment 2,12,2025-03-20T18:55:29.263710,0.3
2023-12-26T00:00:00,Quiz,74.35000000000001,2025-03-20T18:55:29.198164,A short quiz to test your understanding of key concepts. This quiz focuses on Research in Physics Assessment 1.,2023-12-30T00:00:00,ASG490898,0.0,2,100.0,MOD959070,Research in Physics Assessment 1,12,2025-03-20T18:55:29.263710,0.15
2023-12-26T00:00:00,Exam,75.09166666666667,2025-03-20T18:55:29.198164,This exam assesses your overall understanding of the material. This exam focuses on Research in Physics.,2024-01-01T00:00:00,ASG309690,25.0,2,100.0,MOD959070,Exam 2: Research in Physics,12,2025-03-20T18:55:29.263710,0.3
2024-01-05T00:00:00,Participation,74.55833333333335,2025-03-20T18:55:29.198164,Your active participation in class activities will be assessed. This participation focuses on Physics Fundamentals.,2024-01-10T00:00:00,ASG095823,0.0,,100.0,MOD715906,Participation 1: Physics Fundamentals,12,2025-03-20T18:55:29.263710,0.1
2024-01-03T00:00:00,Exam,73.66666666666667,2025-03-20T18:55:29.198164,Demonstrate your mastery of the subject through this detailed examination. This exam focuses on Exam on Physics Fundamentals.,2024-01-09T00:00:00,ASG753428,16.666666666666664,1,100.0,MOD715906,Exam on Physics Fundamentals,12,2025-03-20T18:55:29.263710,0.3
2024-01-11T00:00:00,Exam,73.09166666666667,2025-03-20T18:55:29.198164,Demonstrate your mastery of the subject through this detailed examination. This exam focuses on Physics Fundamentals Assessment 1.,2024-01-12T00:00:00,ASG096483,50.0,2,100.0,MOD681660,Physics Fundamentals Assessment 1,12,2025-03-20T18:55:29.263710,0.3
2024-01-11T00:00:00,Homework,73.075,2025-03-20T18:55:29.198164,Complete these exercises to reinforce your understanding. This homework focuses on Homework - Physics Fundamentals Concepts.,2024-01-12T00:00:00,ASG529990,0.0,2,100.0,MOD681660,Homework - Physics Fundamentals Concepts,12,2025-03-20T18:55:29.263710,0.2
2023-09-10T00:00:00,Participation,69.01481481481483,2025-03-20T18:55:29.198164,Engage with the material through discussion and collaboration. This participation focuses on Participation - French Fundamentals Concepts.,2023-09-18T00:00:00,ASG274918,18.51851851851852,,100.0,MOD760238,Participation - French Fundamentals Concepts,27,2025-03-20T18:55:29.263710,0.1
2023-09-05T00:00:00,Exam,71.21111111111111,2025-03-20T18:55:29.198164,Demonstrate your mastery of the subject through this detailed examination. This exam focuses on French Fundamentals Exam 2.,2023-09-15T00:00:00,ASG632054,11.11111111111111,2,100.0,MOD760238,French Fundamentals Exam 2,27,2025-03-20T18:55:29.263710,0.3
2023-09-28T00:00:00,Project,69.19999999999999,2025-03-20T18:55:29.198164,Develop a project that demonstrates your understanding of the material. This project focuses on Project in French.,2023-10-05T00:00:00,ASG583415,25.925925925925924,,100.0,MOD721259,Project 1: Project in French,27,2025-03-20T18:55:29.263710,0.25
2023-10-13T00:00:00,Quiz,72.0925925925926,2025-03-20T18:55:29.198164,A short quiz to test your understanding of key concepts. This quiz focuses on French Practice Assessment 1.,2023-10-20T00:00:00,ASG593798,14.814814814814813,2,100.0,MOD808010,French Practice Assessment 1,27,2025-03-20T18:55:29.263710,0.15
2023-10-14T00:00:00,Exam,71.59259259259258,2025-03-20T18:55:29.198164,This exam assesses your overall understanding of the material. This exam focuses on Exam - French Practice Concepts.,2023-10-25T00:00:00,ASG443992,18.51851851851852,1,100.0,MOD808010,Exam - French Practice Concepts,27,2025-03-20T18:55:29.263710,0.3
2023-10-26T00:00:00,Homework,69.95925925925926,2025-03-20T18:55:29.198164,Apply what you've learned by completing these problems. This homework focuses on Research in French Assessment 1.,2023-11-12T00:00:00,ASG491495,11.11111111111111,4,100.0,MOD188471,Research in French Assessment 1,27,2025-03-20T18:55:29.263710,0.2
2023-10-27T00:00:00,Quiz,69.67777777777778,2025-03-20T18:55:29.198164,Complete this quiz to demonstrate your knowledge of basic concepts. This quiz focuses on Research in French.,2023-11-11T00:00:00,ASG036535,18.51851851851852,1,100.0,MOD188471,Quiz 2: Research in French,27,2025-03-20T18:55:29.263710,0.15
2023-11-15T00:00:00,Participation,70.0185185185185,2025-03-20T18:55:29.198164,Your active participation in class activities will be assessed. This participation focuses on French Fundamentals Participation 1.,2023-12-01T00:00:00,ASG245502,18.51851851851852,,100.0,MOD447094,French Fundamentals Participation 1,27,2025-03-20T18:55:29.263710,0.1
2023-12-04T00:00:00,Exam,72.0851851851852,2025-03-20T18:55:29.198164,Demonstrate your mastery of the subject through this detailed examination. This exam focuses on Exam on Practice.,2023-12-15T00:00:00,ASG882671,7.4074074074074066,2,100.0,MOD228960,Exam on Practice,27,2025-03-20T18:55:29.263710,0.3
2023-12-23T00:00:00,Quiz,68.41851851851852,2025-03-20T18:55:29.198164,Complete this quiz to demonstrate your knowledge of basic concepts. This quiz focuses on Quiz on Discussion in French.,2023-12-29T00:00:00,ASG140858,11.11111111111111,1,100.0,MOD973284,Quiz on Discussion in French,27,2025-03-20T18:55:29.263710,0.15
2023-09-12T00:00:00,Quiz,75.20833333333333,2025-03-20T18:55:29.198164,This quiz covers the essential material from recent lessons. This quiz focuses on Biology Project.,2023-09-17T00:00:00,ASG251309,25.0,1,100.0,MOD140049,Quiz 1: Biology Project,24,2025-03-20T18:55:29.267255,0.15
2023-09-22T00:00:00,Exam,75.33333333333333,2025-03-20T18:55:29.198164,Demonstrate your mastery of the subject through this detailed examination. This exam focuses on Biology Discussion Assessment 1.,2023-09-25T00:00:00,ASG272922,16.666666666666664,2,100.0,MOD652251,Biology Discussion Assessment 1,24,2025-03-20T18:55:29.267255,0.3
2023-09-30T00:00:00,Exam,75.5,2025-03-20T18:55:29.198164,This exam assesses your overall understanding of the material. This exam focuses on Biology Project Assessment 1.,2023-10-03T00:00:00,ASG983928,29.166666666666668,1,100.0,MOD836842,Biology Project Assessment 1,24,2025-03-20T18:55:29.267255,0.3
2023-10-07T00:00:00,Homework,77.74583333333334,2025-03-20T18:55:29.198164,Complete these exercises to reinforce your understanding. This homework focuses on Homework - Discussion Applications Concepts.,2023-10-13T00:00:00,ASG468035,8.333333333333332,1,100.0,MOD350242,Homework - Discussion Applications Concepts,24,2025-03-20T18:55:29.267255,0.2
2023-10-17T00:00:00,Quiz,76.82916666666667,2025-03-20T18:55:29.198164,A short quiz to test your understanding of key concepts. This quiz focuses on Practice Applications Quiz 1.,2023-10-22T00:00:00,ASG710050,12.5,3,100.0,MOD048669,Practice Applications Quiz 1,24,2025-03-20T18:55:29.267255,0.15
2023-10-24T00:00:00,Exam,76.87083333333335,2025-03-20T18:55:29.198164,A comprehensive exam covering all major topics in this module. This exam focuses on Exam - Research Applications Concepts.,2023-10-29T00:00:00,ASG513285,12.5,2,100.0,MOD850642,Exam - Research Applications Concepts,24,2025-03-20T18:55:29.267255,0.3
2023-11-01T00:00:00,Quiz,74.87083333333335,2025-03-20T18:55:29.198164,This quiz covers the essential material from recent lessons. This quiz focuses on Quiz on Research Applications.,2023-11-05T00:00:00,ASG689115,25.0,3,100.0,MOD204165,Quiz on Research Applications,24,2025-03-20T18:55:29.267255,0.15
2023-11-01T00:00:00,Quiz,76.59583333333333,2025-03-20T18:55:29.198164,A short quiz to test your understanding of key concepts. This quiz focuses on Research Applications.,2023-11-06T00:00:00,ASG398089,8.333333333333332,1,100.0,MOD204165,Quiz 2: Research Applications,24,2025-03-20T18:55:29.267255,0.15
2023-11-08T00:00:00,Project,76.09583333333333,2025-03-20T18:55:29.198164,Develop a project that demonstrates your understanding of the material. This project focuses on Project on Discussion.,2023-11-13T00:00:00,ASG234815,4.166666666666666,,100.0,MOD379723,Project on Discussion,24,2025-03-20T18:55:29.267255,0.25
2023-11-17T00:00:00,Exam,74.86666666666667,2025-03-20T18:55:29.198164,A comprehensive exam covering all major topics in this module. This exam focuses on Exam - Theory Concepts.,2023-11-21T00:00:00,ASG612321,16.666666666666664,2,100.0,MOD118189,Exam - Theory Concepts,24,2025-03-20T18:55:29.267255,0.3
2023-11-26T00:00:00,Homework,73.80000000000001,2025-03-20T18:55:29.198164,Apply what you've learned by completing these problems. This homework focuses on Homework - Biology Fundamentals Concepts.,2023-11-30T00:00:00,ASG413131,8.333333333333332,4,100.0,MOD469064,Homework - Biology Fundamentals Concepts,24,2025-03-20T18:55:29.267255,0.2
2023-12-04T00:00:00,Homework,73.20416666666667,2025-03-20T18:55:29.198164,Complete these exercises to reinforce your understanding. This homework focuses on Homework - Project Applications Concepts.,2023-12-07T00:00:00,ASG825291,25.0,4,100.0,MOD397989,Homework - Project Applications Concepts,24,2025-03-20T18:55:29.267255,0.2
2023-12-10T00:00:00,Exam,74.34583333333333,2025-03-20T18:55:29.198164,Demonstrate your mastery of the subject through this detailed examination. This exam focuses on Project Applications.,2023-12-15T00:00:00,ASG474992,12.5,3,100.0,MOD543771,Exam 1: Project Applications,24,2025-03-20T18:55:29.267255,0.3
2023-12-20T00:00:00,Project,77.01666666666668,2025-03-20T18:55:29.198164,Create a comprehensive solution that showcases your skills. This project focuses on Discussion Assessment 1.,2023-12-23T00:00:00,ASG256988,8.333333333333332,,100.0,MOD464523,Discussion Assessment 1,24,2025-03-20T18:55:29.267255,0.25
2023-12-19T00:00:00,Homework,74.7125,2025-03-20T18:55:29.198164,Apply what you've learned by completing these problems. This homework focuses on Homework - Discussion Concepts.,2023-12-24T00:00:00,ASG832785,25.0,3,100.0,MOD464523,Homework - Discussion Concepts,24,2025-03-20T18:55:29.267255,0.2
2024-02-11T00:00:00,Participation,71.35333333333337,2025-03-20T18:55:29.198164,Contribute to class discussions and activities. This participation focuses on Project Participation 1.,2024-02-16T00:00:00,ASG485132,30.0,,100.0,MOD891569,Project Participation 1,30,2025-03-20T18:55:29.267255,0.1
2024-02-22T00:00:00,Participation,73.54,2025-03-20T18:55:29.198164,Your active participation in class activities will be assessed. This participation focuses on Participation - Spanish Project Concepts.,2024-02-26T00:00:00,ASG920199,10.0,,100.0,MOD177632,Participation - Spanish Project Concepts,30,2025-03-20T18:55:29.267255,0.1
2024-02-22T00:00:00,Exam,72.11,2025-03-20T18:55:29.198164,This exam assesses your overall understanding of the material. This exam focuses on Spanish Project Exam 2.,2024-02-28T00:00:00,ASG486519,16.666666666666664,1,100.0,MOD177632,Spanish Project Exam 2,30,2025-03-20T18:55:29.267255,0.3
2024-03-03T00:00:00,Exam,70.69666666666667,2025-03-20T18:55:29.198164,A comprehensive exam covering all major topics in this module. This exam focuses on Theory.,2024-03-06T00:00:00,ASG284053,16.666666666666664,2,100.0,MOD706291,Exam 1: Theory,30,2025-03-20T18:55:29.267255,0.3
2024-03-02T00:00:00,Homework,71.3,2025-03-20T18:55:29.198164,This homework assignment provides practice with key concepts. This homework focuses on Theory Homework 2.,2024-03-06T00:00:00,ASG371276,10.0,2,100.0,MOD706291,Theory Homework 2,30,2025-03-20T18:55:29.267255,0.2
2024-03-10T00:00:00,Participation,73.99333333333334,2025-03-20T18:55:29.198164,Your active participation in class activities will be assessed. This participation focuses on Theory in Spanish Participation 1.,2024-03-16T00:00:00,ASG608354,10.0,,100.0,MOD946702,Theory in Spanish Participation 1,30,2025-03-20T18:55:29.267255,0.1
2024-03-11T00:00:00,Quiz,70.94333333333334,2025-03-20T18:55:29.198164,Complete this quiz to demonstrate your knowledge of basic concepts. This quiz focuses on Theory in Spanish.,2024-03-16T00:00:00,ASG290093,13.333333333333334,1,100.0,MOD946702,Quiz 2: Theory in Spanish,30,2025-03-20T18:55:29.267255,0.15
2024-03-21T00:00:00,Project,73.00999999999999,2025-03-20T18:55:29.198164,Develop a project that demonstrates your understanding of the material. This project focuses on Spanish Fundamentals Project 1.,2024-03-23T00:00:00,ASG051193,3.3333333333333335,,100.0,MOD797293,Spanish Fundamentals Project 1,30,2025-03-20T18:55:29.267255,0.25
2024-03-19T00:00:00,Exam,71.66333333333334,2025-03-20T18:55:29.198164,A comprehensive exam covering all major topics in this module. This exam focuses on Spanish Fundamentals Exam 2.,2024-03-25T00:00:00,ASG442669,10.0,1,100.0,MOD797293,Spanish Fundamentals Exam 2,30,2025-03-20T18:55:29.267255,0.3
2024-03-27T00:00:00,Homework,71.35333333333332,2025-03-20T18:55:29.198164,Complete these exercises to reinforce your understanding. This homework focuses on Theory.,2024-04-02T00:00:00,ASG953602,6.666666666666667,3,100.0,MOD551134,Homework 1: Theory,30,2025-03-20T18:55:29.267255,0.2
2024-03-28T00:00:00,Exam,72.53666666666666,2025-03-20T18:55:29.198164,This exam assesses your overall understanding of the material. This exam focuses on Exam on Theory.,2024-03-31T00:00:00,ASG849832,13.333333333333334,2,100.0,MOD551134,Exam on Theory,30,2025-03-20T18:55:29.267255,0.3
2024-04-04T00:00:00,Quiz,72.57666666666665,2025-03-20T18:55:29.198164,This quiz covers the essential material from recent lessons. This quiz focuses on Quiz - Discussion Concepts.,2024-04-13T00:00:00,ASG666110,13.333333333333334,3,100.0,MOD352899,Quiz - Discussion Concepts,30,2025-03-20T18:55:29.267255,0.15
2024-04-07T00:00:00,Quiz,73.42000000000002,2025-03-20T18:55:29.198164,A short quiz to test your understanding of key concepts. This quiz focuses on Quiz - Discussion Concepts.,2024-04-10T00:00:00,ASG508289,20.0,3,100.0,MOD352899,Quiz - Discussion Concepts,30,2025-03-20T18:55:29.267255,0.15
2024-04-17T00:00:00,Exam,72.36666666666669,2025-03-20T18:55:29.198164,Demonstrate your mastery of the subject through this detailed examination. This exam focuses on Exam - Spanish Fundamentals Concepts.,2024-04-24T00:00:00,ASG644728,13.333333333333334,2,100.0,MOD868061,Exam - Spanish Fundamentals Concepts,30,2025-03-20T18:55:29.267255,0.3
2024-04-17T00:00:00,Participation,72.65333333333332,2025-03-20T18:55:29.198164,Contribute to class discussions and activities. This participation focuses on Spanish Fundamentals Participation 2.,2024-04-23T00:00:00,ASG479000,10.0,,100.0,MOD868061,Spanish Fundamentals Participation 2,30,2025-03-20T18:55:29.267255,0.1
2024-04-27T00:00:00,Project,73.17666666666666,2025-03-20T18:55:29.198164,This project allows you to apply concepts in a practical context. This project focuses on Spanish Discussion.,2024-05-02T00:00:00,ASG770255,16.666666666666664,,100.0,MOD050390,Project 1: Spanish Discussion,30,2025-03-20T18:55:29.267255,0.25
2024-04-27T00:00:00,Quiz,69.29666666666667,2025-03-20T18:55:29.198164,This quiz covers the essential material from recent lessons. This quiz focuses on Spanish Discussion Quiz 2.,2024-05-01T00:00:00,ASG936947,20.0,1,100.0,MOD050390,Spanish Discussion Quiz 2,30,2025-03-20T18:55:29.267255,0.15
2024-05-03T00:00:00,Exam,72.27,2025-03-20T18:55:29.198164,This exam assesses your overall understanding of the material. This exam focuses on Discussion in Spanish.,2024-05-09T00:00:00,ASG715481,10.0,1,100.0,MOD827046,Exam 1: Discussion in Spanish,30,2025-03-20T18:55:29.267255,0.3
2024-05-04T00:00:00,Homework,74.37666666666668,2025-03-20T18:55:29.198164,This homework assignment provides practice with key concepts. This homework focuses on Discussion in Spanish.,2024-05-11T00:00:00,ASG419800,3.3333333333333335,4,100.0,MOD827046,Homework 2: Discussion in Spanish,30,2025-03-20T18:55:29.267255,0.2
2024-05-13T00:00:00,Exam,71.50666666666666,2025-03-20T18:55:29.198164,A comprehensive exam covering all major topics in this module. This exam focuses on Discussion Assessment 1.,2024-05-17T00:00:00,ASG883049,16.666666666666664,3,100.0,MOD893206,Discussion Assessment 1,30,2025-03-20T18:55:29.267255,0.3
2024-05-13T00:00:00,Exam,71.95666666666666,2025-03-20T18:55:29.198164,This exam assesses your overall understanding of the material. This exam focuses on Discussion Assessment 2.,2024-05-17T00:00:00,ASG697239,10.0,3,100.0,MOD893206,Discussion Assessment 2,30,2025-03-20T18:55:29.267255,0.3
2024-02-06T00:00:00,Exam,74.09230769230767,2025-03-20T18:55:29.198164,This exam assesses your overall understanding of the material. This exam focuses on Exam on Introduction Discussion.,2024-02-09T00:00:00,ASG500716,15.384615384615385,3,100.0,MOD121523,Exam on Introduction Discussion,26,2025-03-20T18:55:29.267255,0.3
2024-02-15T00:00:00,Homework,69.18076923076924,2025-03-20T18:55:29.198164,Apply what you've learned by completing these problems. This homework focuses on Introduction Fundamentals Assessment 1.,2024-02-18T00:00:00,ASG715944,23.076923076923077,4,100.0,MOD711186,Introduction Fundamentals Assessment 1,26,2025-03-20T18:55:29.267255,0.2
2024-02-23T00:00:00,Exam,73.28846153846153,2025-03-20T18:55:29.198164,Demonstrate your mastery of the subject through this detailed examination. This exam focuses on Project in Introduction Assessment 1.,2024-02-26T00:00:00,ASG823461,15.384615384615385,2,100.0,MOD909967,Project in Introduction Assessment 1,26,2025-03-20T18:55:29.267255,0.3
2024-02-22T00:00:00,Homework,74.34615384615385,2025-03-20T18:55:29.198164,Apply what you've learned by completing these problems. This homework focuses on Homework - Project in Introduction Concepts.,2024-02-25T00:00:00,ASG030924,15.384615384615385,3,100.0,MOD909967,Homework - Project in Introduction Concepts,26,2025-03-20T18:55:29.267255,0.2
2024-03-01T00:00:00,Homework,72.88846153846154,2025-03-20T18:55:29.198164,This homework assignment provides practice with key concepts. This homework focuses on Project Applications.,2024-03-04T00:00:00,ASG159912,7.6923076923076925,4,100.0,MOD984652,Homework 1: Project Applications,26,2025-03-20T18:55:29.267255,0.2
2024-02-29T00:00:00,Exam,73.96923076923078,2025-03-20T18:55:29.198164,This exam assesses your overall understanding of the material. This exam focuses on Project Applications.,2024-03-04T00:00:00,ASG115217,15.384615384615385,1,100.0,MOD984652,Exam 2: Project Applications,26,2025-03-20T18:55:29.267255,0.3
2024-03-08T00:00:00,Quiz,72.45384615384614,2025-03-20T18:55:29.198164,This quiz covers the essential material from recent lessons. This quiz focuses on Introduction Theory.,2024-03-14T00:00:00,ASG465806,19.230769230769234,3,100.0,MOD370774,Quiz 1: Introduction Theory,26,2025-03-20T18:55:29.267255,0.15
2024-03-08T00:00:00,Homework,74.81153846153846,2025-03-20T18:55:29.198164,This homework assignment provides practice with key concepts. This homework focuses on Introduction Theory.,2024-03-13T00:00:00,ASG763966,11.538461538461538,3,100.0,MOD370774,Homework 2: Introduction Theory,26,2025-03-20T18:55:29.267255,0.2
2024-03-16T00:00:00,Exam,74.14615384615385,2025-03-20T18:55:29.198164,This exam assesses your overall understanding of the material. This exam focuses on Exam - Project Applications Concepts.,2024-03-23T00:00:00,ASG041121,19.230769230769234,2,100.0,MOD073198,Exam - Project Applications Concepts,26,2025-03-20T18:55:29.267255,0.3
2024-03-17T00:00:00,Participation,72.96923076923075,2025-03-20T18:55:29.198164,Contribute to class discussions and activities. This participation focuses on Project Applications Assessment 2.,2024-03-23T00:00:00,ASG979671,11.538461538461538,,100.0,MOD073198,Project Applications Assessment 2,26,2025-03-20T18:55:29.267255,0.1
2024-03-24T00:00:00,Homework,74.82692307692308,2025-03-20T18:55:29.198164,Complete these exercises to reinforce your understanding. This homework focuses on Discussion in Introduction Homework 1.,2024-04-01T00:00:00,ASG545052,7.6923076923076925,3,100.0,MOD329270,Discussion in Introduction Homework 1,26,2025-03-20T18:55:29.267255,0.2
2024-03-26T00:00:00,Exam,73.80384615384615,2025-03-20T18:55:29.198164,Demonstrate your mastery of the subject through this detailed examination. This exam focuses on Exam - Discussion in Introduction Concepts.,2024-03-31T00:00:00,ASG750146,7.6923076923076925,1,100.0,MOD329270,Exam - Discussion in Introduction Concepts,26,2025-03-20T18:55:29.267255,0.3
2024-04-03T00:00:00,Project,73.36153846153844,2025-03-20T18:55:29.198164,Create a comprehensive solution that showcases your skills. This project focuses on Project in Introduction Assessment 1.,2024-04-10T00:00:00,ASG826700,19.230769230769234,,100.0,MOD617428,Project in Introduction Assessment 1,26,2025-03-20T18:55:29.267255,0.25
2024-04-12T00:00:00,Participation,73.98076923076923,2025-03-20T18:55:29.198164,Your active participation in class activities will be assessed. This participation focuses on Introduction Project.,2024-04-18T00:00:00,ASG779296,19.230769230769234,,100.0,MOD972669,Participation 1: Introduction Project,26,2025-03-20T18:55:29.267255,0.1
2024-04-20T00:00:00,Homework,72.94999999999999,2025-03-20T18:55:29.198164,Complete these exercises to reinforce your understanding. This homework focuses on Introduction Discussion Assessment 1.,2024-04-24T00:00:00,ASG338021,15.384615384615385,1,100.0,MOD238070,Introduction Discussion Assessment 1,26,2025-03-20T18:55:29.267255,0.2
2024-04-28T00:00:00,Exam,73.14615384615385,2025-03-20T18:55:29.198164,This exam assesses your overall understanding of the material. This exam focuses on Practice Exam 1.,2024-05-02T00:00:00,ASG507326,23.076923076923077,3,100.0,MOD114865,Practice Exam 1,26,2025-03-20T18:55:29.267255,0.3
2024-04-28T00:00:00,Participation,72.80000000000001,2025-03-20T18:55:29.198164,Your active participation in class activities will be assessed. This participation focuses on Participation on Practice.,2024-05-03T00:00:00,ASG576979,19.230769230769234,,100.0,MOD114865,Participation on Practice,26,2025-03-20T18:55:29.267255,0.1
2024-05-08T00:00:00,Exam,69.01153846153846,2025-03-20T18:55:29.198164,Demonstrate your mastery of the subject through this detailed examination. This exam focuses on Practice in Introduction.,2024-05-11T00:00:00,ASG826598,30.76923076923077,1,100.0,MOD286823,Exam 1: Practice in Introduction,26,2025-03-20T18:55:29.267255,0.3
2024-05-08T00:00:00,Homework,74.29999999999998,2025-03-20T18:55:29.198164,Apply what you've learned by completing these problems. This homework focuses on Practice in Introduction Homework 2.,2024-05-13T00:00:00,ASG003123,3.8461538461538463,2,100.0,MOD286823,Practice in Introduction Homework 2,26,2025-03-20T18:55:29.267255,0.2
2024-05-17T00:00:00,Project,73.80384615384614,2025-03-20T18:55:29.198164,Create a comprehensive solution that showcases your skills. This project focuses on Project - Introduction Fundamentals Concepts.,2024-05-21T00:00:00,ASG881248,23.076923076923077,,100.0,MOD906604,Project - Introduction Fundamentals Concepts,26,2025-03-20T18:55:29.267255,0.25
2024-05-17T00:00:00,Homework,71.58461538461539,2025-03-20T18:55:29.199501,Apply what you've learned by completing these problems. This homework focuses on Homework - Introduction Fundamentals Concepts.,2024-05-19T00:00:00,ASG459094,15.384615384615385,2,100.0,MOD906604,Homework - Introduction Fundamentals Concepts,26,2025-03-20T18:55:29.267255,0.2
2024-05-25T00:00:00,Exam,73.98461538461538,2025-03-20T18:55:29.199501,A comprehensive exam covering all major topics in this module. This exam focuses on Exam - Research in Introduction Concepts.,2024-05-27T00:00:00,ASG157643,19.230769230769234,2,100.0,MOD025234,Exam - Research in Introduction Concepts,26,2025-03-20T18:55:29.267255,0.3
2024-05-23T00:00:00,Project,73.91923076923078,2025-03-20T18:55:29.199501,This project allows you to apply concepts in a practical context. This project focuses on Project - Research in Introduction Concepts.,2024-05-29T00:00:00,ASG367729,0.0,,100.0,MOD025234,Project - Research in Introduction Concepts,26,2025-03-20T18:55:29.267255,0.25
2024-06-01T00:00:00,Homework,73.33846153846154,2025-03-20T18:55:29.199501,Apply what you've learned by completing these problems. This homework focuses on Homework on Discussion Applications.,2024-06-04T00:00:00,ASG634295,11.538461538461538,1,100.0,MOD611327,Homework on Discussion Applications,26,2025-03-20T18:55:29.267255,0.2
2024-06-08T00:00:00,Project,71.91923076923078,2025-03-20T18:55:29.199501,Create a comprehensive solution that showcases your skills. This project focuses on Theory Applications.,2024-06-10T00:00:00,ASG524633,19.230769230769234,,100.0,MOD643442,Project 1: Theory Applications,26,2025-03-20T18:55:29.267255,0.25
2024-02-05T00:00:00,Homework,76.875,2025-03-20T18:55:29.199501,Complete these exercises to reinforce your understanding. This homework focuses on Discussion Applications Assessment 1.,2024-02-11T00:00:00,ASG582907,16.666666666666664,3,100.0,MOD359678,Discussion Applications Assessment 1,12,2025-03-20T18:55:29.269259,0.2
2024-02-07T00:00:00,Participation,70.93333333333334,2025-03-20T18:55:29.199501,Your active participation in class activities will be assessed. This participation focuses on Discussion Applications Participation 2.,2024-02-11T00:00:00,ASG019989,25.0,,100.0,MOD359678,Discussion Applications Participation 2,12,2025-03-20T18:55:29.269259,0.1
2024-02-16T00:00:00,Exam,76.45,2025-03-20T18:55:29.199501,Demonstrate your mastery of the subject through this detailed examination. This exam focuses on Exam on Computer Practice.,2024-02-20T00:00:00,ASG297066,8.333333333333332,2,100.0,MOD437927,Exam on Computer Practice,12,2025-03-20T18:55:29.269259,0.3
2024-02-23T00:00:00,Quiz,76.85833333333333,2025-03-20T18:55:29.199501,A short quiz to test your understanding of key concepts. This quiz focuses on Quiz - Discussion in Computer Concepts.,2024-02-28T00:00:00,ASG525894,16.666666666666664,1,100.0,MOD342867,Quiz - Discussion in Computer Concepts,12,2025-03-20T18:55:29.269259,0.15
2024-02-23T00:00:00,Project,76.425,2025-03-20T18:55:29.199501,Develop a project that demonstrates your understanding of the material. This project focuses on Discussion in Computer Project 2.,2024-02-28T00:00:00,ASG039710,8.333333333333332,,100.0,MOD342867,Discussion in Computer Project 2,12,2025-03-20T18:55:29.269259,0.25
2024-03-02T00:00:00,Quiz,74.94166666666668,2025-03-20T18:55:29.199501,This quiz covers the essential material from recent lessons. This quiz focuses on Discussion in Computer Assessment 1.,2024-03-09T00:00:00,ASG699673,0.0,1,100.0,MOD889909,Discussion in Computer Assessment 1,12,2025-03-20T18:55:29.269259,0.15
2024-03-03T00:00:00,Participation,74.58333333333333,2025-03-20T18:55:29.199501,Contribute to class discussions and activities. This participation focuses on Participation on Discussion in Computer.,2024-03-08T00:00:00,ASG428217,0.0,,100.0,MOD889909,Participation on Discussion in Computer,12,2025-03-20T18:55:29.269259,0.1
2024-03-12T00:00:00,Participation,73.08333333333333,2025-03-20T18:55:29.199501,Engage with the material through discussion and collaboration. This participation focuses on Computer Fundamentals.,2024-03-15T00:00:00,ASG275707,25.0,,100.0,MOD928285,Participation 1: Computer Fundamentals,12,2025-03-20T18:55:29.269259,0.1
2024-03-10T00:00:00,Homework,69.45,2025-03-20T18:55:29.199501,This homework assignment provides practice with key concepts. This homework focuses on Computer Fundamentals Homework 2.,2024-03-16T00:00:00,ASG926891,8.333333333333332,3,100.0,MOD928285,Computer Fundamentals Homework 2,12,2025-03-20T18:55:29.269259,0.2
2024-03-18T00:00:00,Homework,75.60833333333333,2025-03-20T18:55:29.199501,This homework assignment provides practice with key concepts. This homework focuses on Project Homework 1.,2024-03-25T00:00:00,ASG056978,16.666666666666664,3,100.0,MOD160659,Project Homework 1,12,2025-03-20T18:55:29.269259,0.2
2024-03-27T00:00:00,Homework,74.41666666666666,2025-03-20T18:55:29.199501,Apply what you've learned by completing these problems. This homework focuses on Homework - Computer Fundamentals Concepts.,2024-04-01T00:00:00,ASG342767,0.0,3,100.0,MOD564544,Homework - Computer Fundamentals Concepts,12,2025-03-20T18:55:29.269259,0.2
2024-04-06T00:00:00,Participation,75.75,2025-03-20T18:55:29.199501,Your active participation in class activities will be assessed. This participation focuses on Theory Applications.,2024-04-14T00:00:00,ASG862321,0.0,,100.0,MOD288920,Participation 1: Theory Applications,12,2025-03-20T18:55:29.269259,0.1
2023-09-16T00:00:00,Participation,70.38125000000001,2025-03-20T18:55:29.199501,Your active participation in class activities will be assessed. This participation focuses on Mobile Project.,2023-09-21T00:00:00,ASG208456,18.75,,100.0,MOD515151,Participation 1: Mobile Project,16,2025-03-20T18:55:29.320488,0.1
2023-09-17T00:00:00,Homework,72.31875000000001,2025-03-20T18:55:29.199501,This homework assignment provides practice with key concepts. This homework focuses on Mobile Project Homework 2.,2023-09-21T00:00:00,ASG515539,12.5,1,100.0,MOD515151,Mobile Project Homework 2,16,2025-03-20T18:55:29.320488,0.2
2023-09-23T00:00:00,Homework,70.00625000000001,2025-03-20T18:55:29.199501,This homework assignment provides practice with key concepts. This homework focuses on Discussion in Mobile.,2023-09-30T00:00:00,ASG802704,12.5,2,100.0,MOD258667,Homework 1: Discussion in Mobile,16,2025-03-20T18:55:29.320488,0.2
2023-10-02T00:00:00,Project,74.225,2025-03-20T18:55:29.199501,Develop a project that demonstrates your understanding of the material. This project focuses on Project on Project Applications.,2023-10-08T00:00:00,ASG124916,12.5,,100.0,MOD213683,Project on Project Applications,16,2025-03-20T18:55:29.320488,0.25
2023-10-04T00:00:00,Exam,71.35624999999999,2025-03-20T18:55:29.199501,Demonstrate your mastery of the subject through this detailed examination. This exam focuses on Exam on Project Applications.,2023-10-09T00:00:00,ASG157545,18.75,3,100.0,MOD213683,Exam on Project Applications,16,2025-03-20T18:55:29.320488,0.3
2023-10-11T00:00:00,Quiz,71.42500000000001,2025-03-20T18:55:29.199501,Complete this quiz to demonstrate your knowledge of basic concepts. This quiz focuses on Mobile Fundamentals.,2023-10-17T00:00:00,ASG814470,18.75,3,100.0,MOD271408,Quiz 1: Mobile Fundamentals,16,2025-03-20T18:55:29.320488,0.15
2023-10-11T00:00:00,Quiz,71.35625000000002,2025-03-20T18:55:29.199501,Complete this quiz to demonstrate your knowledge of basic concepts. This quiz focuses on Quiz on Mobile Fundamentals.,2023-10-16T00:00:00,ASG619263,18.75,2,100.0,MOD271408,Quiz on Mobile Fundamentals,16,2025-03-20T18:55:29.320488,0.15
2023-10-19T00:00:00,Quiz,70.28124999999999,2025-03-20T18:55:29.199501,Complete this quiz to demonstrate your knowledge of basic concepts. This quiz focuses on Mobile Fundamentals Quiz 1.,2023-10-22T00:00:00,ASG826484,6.25,2,100.0,MOD994852,Mobile Fundamentals Quiz 1,16,2025-03-20T18:55:29.320488,0.15
2023-10-26T00:00:00,Project,73.78125000000001,2025-03-20T18:55:29.199501,This project allows you to apply concepts in a practical context. This project focuses on Mobile Practice.,2023-11-01T00:00:00,ASG361420,0.0,,100.0,MOD717908,Project 1: Mobile Practice,16,2025-03-20T18:55:29.320488,0.25
2023-10-27T00:00:00,Homework,72.10624999999999,2025-03-20T18:55:29.199501,Complete these exercises to reinforce your understanding. This homework focuses on Mobile Practice Assessment 2.,2023-11-03T00:00:00,ASG391050,25.0,5,100.0,MOD717908,Mobile Practice Assessment 2,16,2025-03-20T18:55:29.320488,0.2
2023-11-05T00:00:00,Quiz,72.99375,2025-03-20T18:55:29.199501,A short quiz to test your understanding of key concepts. This quiz focuses on Quiz on Mobile Fundamentals.,2023-11-12T00:00:00,ASG985125,12.5,3,100.0,MOD108131,Quiz on Mobile Fundamentals,16,2025-03-20T18:55:29.320488,0.15
2023-11-05T00:00:00,Participation,69.5625,2025-03-20T18:55:29.199501,Engage with the material through discussion and collaboration. This participation focuses on Mobile Fundamentals.,2023-11-10T00:00:00,ASG349277,12.5,,100.0,MOD108131,Participation 2: Mobile Fundamentals,16,2025-03-20T18:55:29.320488,0.1
2023-11-15T00:00:00,Quiz,72.925,2025-03-20T18:55:29.199501,This quiz covers the essential material from recent lessons. This quiz focuses on Research in Mobile.,2023-11-20T00:00:00,ASG827745,12.5,3,100.0,MOD687311,Quiz 1: Research in Mobile,16,2025-03-20T18:55:29.320488,0.15
2023-11-13T00:00:00,Homework,72.96875000000001,2025-03-20T18:55:29.199501,Complete these exercises to reinforce your understanding. This homework focuses on Research in Mobile Homework 2.,2023-11-18T00:00:00,ASG588773,0.0,2,100.0,MOD687311,Research in Mobile Homework 2,16,2025-03-20T18:55:29.320488,0.2
2023-11-23T00:00:00,Project,69.49375000000002,2025-03-20T18:55:29.199501,Develop a project that demonstrates your understanding of the material. This project focuses on Project - Mobile Discussion Concepts.,2023-11-28T00:00:00,ASG671560,12.5,,100.0,MOD703138,Project - Mobile Discussion Concepts,16,2025-03-20T18:55:29.320488,0.25
2023-11-23T00:00:00,Project,74.32499999999999,2025-03-20T18:55:29.199501,Develop a project that demonstrates your understanding of the material. This project focuses on Project on Mobile Discussion.,2023-11-28T00:00:00,ASG087491,12.5,,100.0,MOD703138,Project on Mobile Discussion,16,2025-03-20T18:55:29.320488,0.25
2023-11-29T00:00:00,Project,72.0875,2025-03-20T18:55:29.199501,This project allows you to apply concepts in a practical context. This project focuses on Project - Practice Applications Concepts.,2023-12-04T00:00:00,ASG114320,25.0,,100.0,MOD827917,Project - Practice Applications Concepts,16,2025-03-20T18:55:29.320488,0.25
2023-12-01T00:00:00,Participation,72.18124999999999,2025-03-20T18:55:29.199501,Contribute to class discussions and activities. This participation focuses on Participation - Practice Applications Concepts.,2023-12-04T00:00:00,ASG958476,6.25,,100.0,MOD827917,Participation - Practice Applications Concepts,16,2025-03-20T18:55:29.320488,0.1
2023-12-10T00:00:00,Participation,73.31875,2025-03-20T18:55:29.199501,Contribute to class discussions and activities. This participation focuses on Mobile Discussion Participation 1.,2023-12-13T00:00:00,ASG008145,6.25,,100.0,MOD271343,Mobile Discussion Participation 1,16,2025-03-20T18:55:29.320488,0.1
2023-12-19T00:00:00,Project,73.33125000000001,2025-03-20T18:55:29.199501,This project allows you to apply concepts in a practical context. This project focuses on Project - Project Concepts.,2023-12-22T00:00:00,ASG797545,6.25,,100.0,MOD171413,Project - Project Concepts,16,2025-03-20T18:55:29.320488,0.25
2023-12-26T00:00:00,Participation,72.18125,2025-03-20T18:55:29.199501,Engage with the material through discussion and collaboration. This participation focuses on Participation - Practice Applications Concepts.,2023-12-28T00:00:00,ASG354967,18.75,,100.0,MOD049091,Participation - Practice Applications Concepts,16,2025-03-20T18:55:29.320488,0.1
2023-12-25T00:00:00,Exam,71.67499999999998,2025-03-20T18:55:29.199501,A comprehensive exam covering all major topics in this module. This exam focuses on Practice Applications.,2023-12-28T00:00:00,ASG149375,18.75,3,100.0,MOD049091,Exam 2: Practice Applications,16,2025-03-20T18:55:29.320488,0.3
2024-02-11T00:00:00,Project,75.5304347826087,2025-03-20T18:55:29.199501,Create a comprehensive solution that showcases your skills. This project focuses on Practice Project 1.,2024-02-18T00:00:00,ASG277642,21.73913043478261,,100.0,MOD440985,Practice Project 1,23,2025-03-20T18:55:29.321366,0.25
2024-02-13T00:00:00,Project,73.35217391304346,2025-03-20T18:55:29.199501,Develop a project that demonstrates your understanding of the material. This project focuses on Practice Project 2.,2024-02-19T00:00:00,ASG387254,26.08695652173913,,100.0,MOD440985,Practice Project 2,23,2025-03-20T18:55:29.321366,0.25
2024-02-20T00:00:00,Participation,74.43913043478261,2025-03-20T18:55:29.199501,Contribute to class discussions and activities. This participation focuses on Biology Discussion.,2024-02-27T00:00:00,ASG818245,4.3478260869565215,,100.0,MOD357677,Participation 1: Biology Discussion,23,2025-03-20T18:55:29.321366,0.1
2024-02-28T00:00:00,Quiz,77.10000000000001,2025-03-20T18:55:29.199501,A short quiz to test your understanding of key concepts. This quiz focuses on Biology Fundamentals.,2024-03-03T00:00:00,ASG033315,4.3478260869565215,2,100.0,MOD365172,Quiz 1: Biology Fundamentals,23,2025-03-20T18:55:29.321366,0.15
2024-02-28T00:00:00,Quiz,74.58260869565217,2025-03-20T18:55:29.199501,A short quiz to test your understanding of key concepts. This quiz focuses on Quiz on Biology Fundamentals.,2024-03-06T00:00:00,ASG287530,8.695652173913043,1,100.0,MOD365172,Quiz on Biology Fundamentals,23,2025-03-20T18:55:29.321366,0.15
2024-03-09T00:00:00,Exam,75.44782608695651,2025-03-20T18:55:29.199501,A comprehensive exam covering all major topics in this module. This exam focuses on Exam on Biology Fundamentals.,2024-03-13T00:00:00,ASG940938,8.695652173913043,3,100.0,MOD135284,Exam on Biology Fundamentals,23,2025-03-20T18:55:29.321366,0.3
2024-03-08T00:00:00,Participation,74.5608695652174,2025-03-20T18:55:29.199501,Contribute to class discussions and activities. This participation focuses on Participation - Biology Fundamentals Concepts.,2024-03-14T00:00:00,ASG454851,17.391304347826086,,100.0,MOD135284,Participation - Biology Fundamentals Concepts,23,2025-03-20T18:55:29.321366,0.1
2024-03-16T00:00:00,Homework,74.06086956521739,2025-03-20T18:55:29.199501,This homework assignment provides practice with key concepts. This homework focuses on Homework on Practice in Biology.,2024-03-20T00:00:00,ASG473138,8.695652173913043,5,100.0,MOD558720,Homework on Practice in Biology,23,2025-03-20T18:55:29.321366,0.2
2024-03-17T00:00:00,Exam,73.56521739130434,2025-03-20T18:55:29.199501,Demonstrate your mastery of the subject through this detailed examination. This exam focuses on Practice in Biology.,2024-03-21T00:00:00,ASG839813,17.391304347826086,3,100.0,MOD558720,Exam 2: Practice in Biology,23,2025-03-20T18:55:29.321366,0.3
2024-03-26T00:00:00,Project,75.17826086956524,2025-03-20T18:55:29.199501,Develop a project that demonstrates your understanding of the material. This project focuses on Theory Applications Assessment 1.,2024-04-01T00:00:00,ASG594550,17.391304347826086,,100.0,MOD068571,Theory Applications Assessment 1,23,2025-03-20T18:55:29.321366,0.25
2024-03-24T00:00:00,Exam,75.81304347826087,2025-03-20T18:55:29.199501,Demonstrate your mastery of the subject through this detailed examination. This exam focuses on Exam on Theory Applications.,2024-03-31T00:00:00,ASG374075,13.043478260869565,3,100.0,MOD068571,Exam on Theory Applications,23,2025-03-20T18:55:29.321366,0.3
2024-04-03T00:00:00,Project,77.49130434782607,2025-03-20T18:55:29.199501,Develop a project that demonstrates your understanding of the material. This project focuses on Project on Biology Fundamentals.,2024-04-07T00:00:00,ASG908351,4.3478260869565215,,100.0,MOD803541,Project on Biology Fundamentals,23,2025-03-20T18:55:29.321366,0.25
2024-04-02T00:00:00,Exam,75.50869565217391,2025-03-20T18:55:29.199501,A comprehensive exam covering all major topics in this module. This exam focuses on Biology Fundamentals.,2024-04-09T00:00:00,ASG283655,4.3478260869565215,1,100.0,MOD803541,Exam 2: Biology Fundamentals,23,2025-03-20T18:55:29.321366,0.3
2024-04-12T00:00:00,Participation,74.76086956521739,2025-03-20T18:55:29.199501,Your active participation in class activities will be assessed. This participation focuses on Practice Applications Participation 1.,2024-04-16T00:00:00,ASG059794,17.391304347826086,,100.0,MOD315429,Practice Applications Participation 1,23,2025-03-20T18:55:29.321366,0.1
2024-04-10T00:00:00,Exam,73.9391304347826,2025-03-20T18:55:29.199501,A comprehensive exam covering all major topics in this module. This exam focuses on Exam on Practice Applications.,2024-04-17T00:00:00,ASG143555,21.73913043478261,1,100.0,MOD315429,Exam on Practice Applications,23,2025-03-20T18:55:29.321366,0.3
2024-04-19T00:00:00,Exam,75.73478260869565,2025-03-20T18:55:29.199501,A comprehensive exam covering all major topics in this module. This exam focuses on Theory.,2024-04-26T00:00:00,ASG403623,4.3478260869565215,2,100.0,MOD114996,Exam 1: Theory,23,2025-03-20T18:55:29.321366,0.3
2024-04-29T00:00:00,Quiz,75.2391304347826,2025-03-20T18:55:29.199501,A short quiz to test your understanding of key concepts. This quiz focuses on Theory Applications Assessment 1.,2024-05-04T00:00:00,ASG547822,17.391304347826086,2,100.0,MOD513074,Theory Applications Assessment 1,23,2025-03-20T18:55:29.321366,0.15
2024-04-29T00:00:00,Homework,75.90434782608698,2025-03-20T18:55:29.199501,Complete these exercises to reinforce your understanding. This homework focuses on Homework - Theory Applications Concepts.,2024-05-03T00:00:00,ASG426496,4.3478260869565215,1,100.0,MOD513074,Homework - Theory Applications Concepts,23,2025-03-20T18:55:29.321366,0.2
2023-09-12T00:00:00,Homework,75.16785714285713,2025-03-20T18:55:29.199501,This homework assignment provides practice with key concepts. This homework focuses on Laboratory Fundamentals.,2023-09-30T00:00:00,ASG884324,28.57142857142857,4,100.0,MOD303646,Homework 1: Laboratory Fundamentals,28,2025-03-20T18:55:29.321366,0.2
2023-09-09T00:00:00,Homework,74.33214285714284,2025-03-20T18:55:29.199501,This homework assignment provides practice with key concepts. This homework focuses on Laboratory Fundamentals Homework 2.,2023-10-02T00:00:00,ASG794788,14.285714285714285,4,100.0,MOD303646,Laboratory Fundamentals Homework 2,28,2025-03-20T18:55:29.321366,0.2
2023-10-04T00:00:00,Homework,73.81428571428572,2025-03-20T18:55:29.199501,Complete these exercises to reinforce your understanding. This homework focuses on Discussion Homework 1.,2023-11-02T00:00:00,ASG332357,25.0,1,100.0,MOD840912,Discussion Homework 1,28,2025-03-20T18:55:29.321366,0.2
2023-11-08T00:00:00,Homework,76.04285714285712,2025-03-20T18:55:29.199501,Complete these exercises to reinforce your understanding. This homework focuses on Practice Homework 1.,2023-11-25T00:00:00,ASG880675,10.714285714285714,4,100.0,MOD098442,Practice Homework 1,28,2025-03-20T18:55:29.321366,0.2
2023-11-08T00:00:00,Quiz,73.6607142857143,2025-03-20T18:55:29.199501,This quiz covers the essential material from recent lessons. This quiz focuses on Practice.,2023-11-24T00:00:00,ASG602040,17.857142857142858,1,100.0,MOD098442,Quiz 2: Practice,28,2025-03-20T18:55:29.321366,0.15
2023-11-29T00:00:00,Homework,75.68571428571428,2025-03-20T18:55:29.199501,Complete these exercises to reinforce your understanding. This homework focuses on Research Applications Assessment 1.,2023-12-18T00:00:00,ASG645855,21.428571428571427,3,100.0,MOD291310,Research Applications Assessment 1,28,2025-03-20T18:55:29.321366,0.2
2023-12-04T00:00:00,Quiz,75.88571428571427,2025-03-20T18:55:29.199501,A short quiz to test your understanding of key concepts. This quiz focuses on Research Applications Quiz 2.,2023-12-15T00:00:00,ASG150830,10.714285714285714,1,100.0,MOD291310,Research Applications Quiz 2,28,2025-03-20T18:55:29.321366,0.15
2023-12-24T00:00:00,Quiz,76.38571428571429,2025-03-20T18:55:29.199501,Complete this quiz to demonstrate your knowledge of basic concepts. This quiz focuses on Quiz on Laboratory Discussion.,2024-01-07T00:00:00,ASG790951,21.428571428571427,1,100.0,MOD598850,Quiz on Laboratory Discussion,28,2025-03-20T18:55:29.321366,0.15
2023-12-22T00:00:00,Project,75.23571428571428,2025-03-20T18:55:29.199501,Develop a project that demonstrates your understanding of the material. This project focuses on Project - Laboratory Discussion Concepts.,2024-01-06T00:00:00,ASG528496,10.714285714285714,,100.0,MOD598850,Project - Laboratory Discussion Concepts,28,2025-03-20T18:55:29.321366,0.25
2023-09-03T00:00:00,Project,78.85909090909091,2025-03-20T18:55:29.199501,Create a comprehensive solution that showcases your skills. This project focuses on Digital Theory Assessment 1.,2023-09-09T00:00:00,ASG722258,4.545454545454546,,100.0,MOD932082,Digital Theory Assessment 1,22,2025-03-20T18:55:29.318484,0.25
2023-09-11T00:00:00,Quiz,75.02272727272727,2025-03-20T18:55:29.199501,This quiz covers the essential material from recent lessons. This quiz focuses on Theory in Digital.,2023-09-17T00:00:00,ASG398769,18.181818181818183,3,100.0,MOD636820,Quiz 1: Theory in Digital,22,2025-03-20T18:55:29.318484,0.15
2023-09-13T00:00:00,Homework,78.07272727272726,2025-03-20T18:55:29.199501,This homework assignment provides practice with key concepts. This homework focuses on Theory in Digital Homework 2.,2023-09-16T00:00:00,ASG887512,4.545454545454546,3,100.0,MOD636820,Theory in Digital Homework 2,22,2025-03-20T18:55:29.318484,0.2
2023-09-21T00:00:00,Quiz,75.70454545454545,2025-03-20T18:55:29.199501,A short quiz to test your understanding of key concepts. This quiz focuses on Digital Research Quiz 1.,2023-09-24T00:00:00,ASG399995,27.27272727272727,1,100.0,MOD054181,Digital Research Quiz 1,22,2025-03-20T18:55:29.318484,0.15
2023-09-30T00:00:00,Homework,77.28636363636363,2025-03-20T18:55:29.199501,Apply what you've learned by completing these problems. This homework focuses on Research Homework 1.,2023-10-03T00:00:00,ASG814755,4.545454545454546,1,100.0,MOD094001,Research Homework 1,22,2025-03-20T18:55:29.318484,0.2
2023-10-06T00:00:00,Participation,78.00454545454546,2025-03-20T18:55:29.199501,Engage with the material through discussion and collaboration. This participation focuses on Digital Fundamentals Participation 1.,2023-10-13T00:00:00,ASG285940,9.090909090909092,,100.0,MOD407333,Digital Fundamentals Participation 1,22,2025-03-20T18:55:29.318484,0.1
2023-10-07T00:00:00,Project,77.62272727272726,2025-03-20T18:55:29.199501,Develop a project that demonstrates your understanding of the material. This project focuses on Digital Fundamentals Project 2.,2023-10-10T00:00:00,ASG647825,18.181818181818183,,100.0,MOD407333,Digital Fundamentals Project 2,22,2025-03-20T18:55:29.318484,0.25
2023-10-16T00:00:00,Project,74.33181818181819,2025-03-20T18:55:29.199501,This project allows you to apply concepts in a practical context. This project focuses on Project on Theory.,2023-10-19T00:00:00,ASG876759,31.818181818181817,,100.0,MOD235732,Project on Theory,22,2025-03-20T18:55:29.318484,0.25
2023-10-24T00:00:00,Project,75.52727272727273,2025-03-20T18:55:29.199501,This project allows you to apply concepts in a practical context. This project focuses on Project Project 1.,2023-10-27T00:00:00,ASG622477,22.727272727272727,,100.0,MOD687482,Project Project 1,22,2025-03-20T18:55:29.318484,0.25
2023-10-30T00:00:00,Project,76.13636363636364,2025-03-20T18:55:29.199501,Develop a project that demonstrates your understanding of the material. This project focuses on Project Applications Project 1.,2023-11-06T00:00:00,ASG444541,22.727272727272727,,100.0,MOD400310,Project Applications Project 1,22,2025-03-20T18:55:29.318484,0.25
2023-10-30T00:00:00,Exam,75.14090909090909,2025-03-20T18:55:29.199501,A comprehensive exam covering all major topics in this module. This exam focuses on Project Applications.,2023-11-03T00:00:00,ASG140373,18.181818181818183,2,100.0,MOD400310,Exam 2: Project Applications,22,2025-03-20T18:55:29.318484,0.3
2023-11-08T00:00:00,Quiz,78.17727272727274,2025-03-20T18:55:29.199501,This quiz covers the essential material from recent lessons. This quiz focuses on Digital Fundamentals Assessment 1.,2023-11-12T00:00:00,ASG147069,9.090909090909092,2,100.0,MOD688089,Digital Fundamentals Assessment 1,22,2025-03-20T18:55:29.318484,0.15
2023-11-08T00:00:00,Participation,76.31363636363636,2025-03-20T18:55:29.199501,Engage with the material through discussion and collaboration. This participation focuses on Digital Fundamentals Participation 2.,2023-11-13T00:00:00,ASG301987,18.181818181818183,,100.0,MOD688089,Digital Fundamentals Participation 2,22,2025-03-20T18:55:29.318484,0.1
2023-11-15T00:00:00,Homework,76.68181818181819,2025-03-20T18:55:29.199501,This homework assignment provides practice with key concepts. This homework focuses on Practice.,2023-11-19T00:00:00,ASG662825,9.090909090909092,5,100.0,MOD004486,Homework 1: Practice,22,2025-03-20T18:55:29.318484,0.2
2023-11-24T00:00:00,Project,77.7090909090909,2025-03-20T18:55:29.199501,Develop a project that demonstrates your understanding of the material. This project focuses on Project on Research Applications.,2023-11-25T00:00:00,ASG654063,4.545454545454546,,100.0,MOD861175,Project on Research Applications,22,2025-03-20T18:55:29.318484,0.25
2023-11-24T00:00:00,Project,76.49545454545455,2025-03-20T18:55:29.199501,Develop a project that demonstrates your understanding of the material. This project focuses on Research Applications Assessment 2.,2023-11-26T00:00:00,ASG256680,9.090909090909092,,100.0,MOD861175,Research Applications Assessment 2,22,2025-03-20T18:55:29.318484,0.25
2023-09-05T00:00:00,Homework,76.32857142857142,2025-03-20T18:55:29.199501,This homework assignment provides practice with key concepts. This homework focuses on Homework - Theory Concepts.,2023-09-12T00:00:00,ASG938046,7.142857142857142,4,100.0,MOD847328,Homework - Theory Concepts,28,2025-03-20T18:55:29.320488,0.2
2023-09-05T00:00:00,Participation,77.35,2025-03-20T18:55:29.199501,Contribute to class discussions and activities. This participation focuses on Theory Participation 2.,2023-09-09T00:00:00,ASG074545,14.285714285714285,,100.0,MOD847328,Theory Participation 2,28,2025-03-20T18:55:29.320488,0.1
2023-09-14T00:00:00,Quiz,76.06785714285715,2025-03-20T18:55:29.199501,A short quiz to test your understanding of key concepts. This quiz focuses on Practice in Discrete Quiz 1.,2023-09-20T00:00:00,ASG560311,14.285714285714285,1,100.0,MOD800957,Practice in Discrete Quiz 1,28,2025-03-20T18:55:29.320488,0.15
2023-09-21T00:00:00,Project,75.38928571428572,2025-03-20T18:55:29.199501,Create a comprehensive solution that showcases your skills. This project focuses on Project on Theory.,2023-09-26T00:00:00,ASG186534,10.714285714285714,,100.0,MOD954817,Project on Theory,28,2025-03-20T18:55:29.320488,0.25
2023-09-22T00:00:00,Quiz,76.5607142857143,2025-03-20T18:55:29.199501,A short quiz to test your understanding of key concepts. This quiz focuses on Theory Quiz 2.,2023-09-25T00:00:00,ASG507968,21.428571428571427,3,100.0,MOD954817,Theory Quiz 2,28,2025-03-20T18:55:29.320488,0.15
2023-09-30T00:00:00,Exam,77.36428571428573,2025-03-20T18:55:29.199501,Demonstrate your mastery of the subject through this detailed examination. This exam focuses on Exam on Practice Applications.,2023-10-05T00:00:00,ASG350447,10.714285714285714,2,100.0,MOD603625,Exam on Practice Applications,28,2025-03-20T18:55:29.320488,0.3
2023-10-09T00:00:00,Project,75.91785714285713,2025-03-20T18:55:29.199501,This project allows you to apply concepts in a practical context. This project focuses on Project - Project Concepts.,2023-10-12T00:00:00,ASG879126,17.857142857142858,,100.0,MOD009584,Project - Project Concepts,28,2025-03-20T18:55:29.320488,0.25
2023-10-16T00:00:00,Participation,75.66785714285713,2025-03-20T18:55:29.199501,Contribute to class discussions and activities. This participation focuses on Discrete Practice.,2023-10-23T00:00:00,ASG879799,10.714285714285714,,100.0,MOD213023,Participation 1: Discrete Practice,28,2025-03-20T18:55:29.320488,0.1
2023-10-16T00:00:00,Homework,76.34642857142856,2025-03-20T18:55:29.199501,This homework assignment provides practice with key concepts. This homework focuses on Discrete Practice Homework 2.,2023-10-24T00:00:00,ASG476046,14.285714285714285,3,100.0,MOD213023,Discrete Practice Homework 2,28,2025-03-20T18:55:29.320488,0.2
2023-10-26T00:00:00,Participation,76.48214285714286,2025-03-20T18:55:29.199501,Engage with the material through discussion and collaboration. This participation focuses on Participation - Discussion Applications Concepts.,2023-10-30T00:00:00,ASG550185,17.857142857142858,,100.0,MOD183133,Participation - Discussion Applications Concepts,28,2025-03-20T18:55:29.320488,0.1
2023-11-02T00:00:00,Project,76.72857142857141,2025-03-20T18:55:29.199501,This project allows you to apply concepts in a practical context. This project focuses on Project on Discussion Applications.,2023-11-06T00:00:00,ASG744141,7.142857142857142,,100.0,MOD079360,Project on Discussion Applications,28,2025-03-20T18:55:29.320488,0.25
2023-11-02T00:00:00,Exam,74.84285714285714,2025-03-20T18:55:29.199501,A comprehensive exam covering all major topics in this module. This exam focuses on Exam - Discussion Applications Concepts.,2023-11-06T00:00:00,ASG435899,17.857142857142858,3,100.0,MOD079360,Exam - Discussion Applications Concepts,28,2025-03-20T18:55:29.320488,0.3
2023-11-12T00:00:00,Exam,74.54285714285716,2025-03-20T18:55:29.199501,A comprehensive exam covering all major topics in this module. This exam focuses on Research Applications Assessment 1.,2023-11-16T00:00:00,ASG740469,25.0,3,100.0,MOD451972,Research Applications Assessment 1,28,2025-03-20T18:55:29.320488,0.3
2023-11-19T00:00:00,Homework,73.69285714285715,2025-03-20T18:55:29.199501,This homework assignment provides practice with key concepts. This homework focuses on Homework - Discrete Research Concepts.,2023-11-25T00:00:00,ASG631646,14.285714285714285,5,100.0,MOD845816,Homework - Discrete Research Concepts,28,2025-03-20T18:55:29.320488,0.2
2023-11-18T00:00:00,Quiz,76.92500000000003,2025-03-20T18:55:29.199501,This quiz covers the essential material from recent lessons. This quiz focuses on Discrete Research.,2023-11-25T00:00:00,ASG954461,7.142857142857142,2,100.0,MOD845816,Quiz 2: Discrete Research,28,2025-03-20T18:55:29.320488,0.15
2023-11-27T00:00:00,Project,74.69285714285716,2025-03-20T18:55:29.199501,Develop a project that demonstrates your understanding of the material. This project focuses on Discussion.,2023-12-03T00:00:00,ASG020018,10.714285714285714,,100.0,MOD644030,Project 1: Discussion,28,2025-03-20T18:55:29.320488,0.25
2023-12-06T00:00:00,Participation,76.63571428571427,2025-03-20T18:55:29.199501,Contribute to class discussions and activities. This participation focuses on Research Applications Assessment 1.,2023-12-12T00:00:00,ASG609841,10.714285714285714,,100.0,MOD438659,Research Applications Assessment 1,28,2025-03-20T18:55:29.320488,0.1
2023-12-04T00:00:00,Homework,75.56428571428572,2025-03-20T18:55:29.199501,This homework assignment provides practice with key concepts. This homework focuses on Homework on Research Applications.,2023-12-10T00:00:00,ASG503139,10.714285714285714,2,100.0,MOD438659,Homework on Research Applications,28,2025-03-20T18:55:29.320488,0.2
2023-12-15T00:00:00,Exam,75.68571428571427,2025-03-20T18:55:29.199501,Demonstrate your mastery of the subject through this detailed examination. This exam focuses on Practice.,2023-12-19T00:00:00,ASG266106,10.714285714285714,2,100.0,MOD144362,Exam 1: Practice,28,2025-03-20T18:55:29.320488,0.3
2023-12-14T00:00:00,Exam,76.29999999999998,2025-03-20T18:55:29.199501,This exam assesses your overall understanding of the material. This exam focuses on Practice Exam 2.,2023-12-20T00:00:00,ASG526101,3.571428571428571,1,100.0,MOD144362,Practice Exam 2,28,2025-03-20T18:55:29.321366,0.3
2023-12-23T00:00:00,Participation,75.16071428571426,2025-03-20T18:55:29.199501,Engage with the material through discussion and collaboration. This participation focuses on Participation - Discrete Discussion Concepts.,2023-12-26T00:00:00,ASG031599,17.857142857142858,,100.0,MOD480640,Participation - Discrete Discussion Concepts,28,2025-03-20T18:55:29.321366,0.1
2023-12-21T00:00:00,Exam,76.625,2025-03-20T18:55:29.199501,This exam assesses your overall understanding of the material. This exam focuses on Discrete Discussion Assessment 2.,2023-12-27T00:00:00,ASG651620,10.714285714285714,1,100.0,MOD480640,Discrete Discussion Assessment 2,28,2025-03-20T18:55:29.321366,0.3
2023-12-30T00:00:00,Quiz,76.70714285714284,2025-03-20T18:55:29.199501,A short quiz to test your understanding of key concepts. This quiz focuses on Theory Applications Quiz 1.,2024-01-01T00:00:00,ASG796837,17.857142857142858,2,100.0,MOD565925,Theory Applications Quiz 1,28,2025-03-20T18:55:29.321366,0.15
2023-12-30T00:00:00,Project,76.5642857142857,2025-03-20T18:55:29.199501,Create a comprehensive solution that showcases your skills. This project focuses on Theory Applications Project 2.,2024-01-02T00:00:00,ASG939456,21.428571428571427,,100.0,MOD565925,Theory Applications Project 2,28,2025-03-20T18:55:29.321366,0.25
2023-09-04T00:00:00,Participation,71.44444444444444,2025-03-20T18:55:29.199501,Your active participation in class activities will be assessed. This participation focuses on Theory Applications Participation 1.,2023-09-10T00:00:00,ASG902716,3.7037037037037033,,100.0,MOD333317,Theory Applications Participation 1,27,2025-03-20T18:55:29.382887,0.1
2023-09-04T00:00:00,Project,73.23703703703703,2025-03-20T18:55:29.199501,Develop a project that demonstrates your understanding of the material. This project focuses on Project - Theory Applications Concepts.,2023-09-08T00:00:00,ASG994640,3.7037037037037033,,100.0,MOD333317,Project - Theory Applications Concepts,27,2025-03-20T18:55:29.382887,0.25
2023-09-12T00:00:00,Homework,72.65555555555555,2025-03-20T18:55:29.199501,Complete these exercises to reinforce your understanding. This homework focuses on Project in Poetry Homework 1.,2023-09-17T00:00:00,ASG709342,14.814814814814813,3,100.0,MOD564422,Project in Poetry Homework 1,27,2025-03-20T18:55:29.382887,0.2
2023-09-14T00:00:00,Participation,72.05555555555556,2025-03-20T18:55:29.199501,Contribute to class discussions and activities. This participation focuses on Project in Poetry Assessment 2.,2023-09-16T00:00:00,ASG291750,14.814814814814813,,100.0,MOD564422,Project in Poetry Assessment 2,27,2025-03-20T18:55:29.382887,0.1
2023-09-22T00:00:00,Exam,70.15555555555557,2025-03-20T18:55:29.199501,A comprehensive exam covering all major topics in this module. This exam focuses on Exam on Poetry Research.,2023-09-25T00:00:00,ASG200846,33.33333333333333,3,100.0,MOD687984,Exam on Poetry Research,27,2025-03-20T18:55:29.382887,0.3
2023-09-29T00:00:00,Quiz,71.46296296296296,2025-03-20T18:55:29.199501,Complete this quiz to demonstrate your knowledge of basic concepts. This quiz focuses on Discussion in Poetry Quiz 1.,2023-10-04T00:00:00,ASG044578,33.33333333333333,1,100.0,MOD363256,Discussion in Poetry Quiz 1,27,2025-03-20T18:55:29.382887,0.15
2023-09-29T00:00:00,Exam,72.72962962962963,2025-03-20T18:55:29.199501,This exam assesses your overall understanding of the material. This exam focuses on Exam on Discussion in Poetry.,2023-10-03T00:00:00,ASG259543,7.4074074074074066,2,100.0,MOD363256,Exam on Discussion in Poetry,27,2025-03-20T18:55:29.382887,0.3
2023-10-07T00:00:00,Exam,72.27037037037036,2025-03-20T18:55:29.199501,A comprehensive exam covering all major topics in this module. This exam focuses on Exam - Poetry Fundamentals Concepts.,2023-10-12T00:00:00,ASG545550,22.22222222222222,2,100.0,MOD840444,Exam - Poetry Fundamentals Concepts,27,2025-03-20T18:55:29.382887,0.3
2023-10-06T00:00:00,Project,70.39259259259259,2025-03-20T18:55:29.199501,Develop a project that demonstrates your understanding of the material. This project focuses on Poetry Fundamentals Project 2.,2023-10-12T00:00:00,ASG705267,7.4074074074074066,,100.0,MOD840444,Poetry Fundamentals Project 2,27,2025-03-20T18:55:29.382887,0.25
2023-10-15T00:00:00,Quiz,72.84444444444445,2025-03-20T18:55:29.199501,Complete this quiz to demonstrate your knowledge of basic concepts. This quiz focuses on Quiz - Poetry Project Concepts.,2023-10-19T00:00:00,ASG110577,14.814814814814813,3,100.0,MOD387396,Quiz - Poetry Project Concepts,27,2025-03-20T18:55:29.382887,0.15
2023-10-25T00:00:00,Exam,72.74074074074073,2025-03-20T18:55:29.199501,A comprehensive exam covering all major topics in this module. This exam focuses on Poetry Research.,2023-10-28T00:00:00,ASG580257,14.814814814814813,3,100.0,MOD860520,Exam 1: Poetry Research,27,2025-03-20T18:55:29.384176,0.3
2023-10-25T00:00:00,Exam,71.87777777777777,2025-03-20T18:55:29.199501,Demonstrate your mastery of the subject through this detailed examination. This exam focuses on Poetry Research Assessment 2.,2023-10-27T00:00:00,ASG036395,14.814814814814813,3,100.0,MOD860520,Poetry Research Assessment 2,27,2025-03-20T18:55:29.384176,0.3
2023-11-01T00:00:00,Quiz,72.9037037037037,2025-03-20T18:55:29.200505,Complete this quiz to demonstrate your knowledge of basic concepts. This quiz focuses on Quiz on Discussion in Poetry.,2023-11-06T00:00:00,ASG352381,7.4074074074074066,1,100.0,MOD338358,Quiz on Discussion in Poetry,27,2025-03-20T18:55:29.384176,0.15
2023-11-02T00:00:00,Participation,72.08148148148146,2025-03-20T18:55:29.200505,Contribute to class discussions and activities. This participation focuses on Discussion in Poetry.,2023-11-04T00:00:00,ASG765250,7.4074074074074066,,100.0,MOD338358,Participation 2: Discussion in Poetry,27,2025-03-20T18:55:29.384176,0.1
2023-11-10T00:00:00,Project,73.48888888888888,2025-03-20T18:55:29.200505,Develop a project that demonstrates your understanding of the material. This project focuses on Project on Practice Applications.,2023-11-14T00:00:00,ASG634841,3.7037037037037033,,100.0,MOD382153,Project on Practice Applications,27,2025-03-20T18:55:29.384176,0.25
2023-11-08T00:00:00,Project,72.03703703703702,2025-03-20T18:55:29.200505,This project allows you to apply concepts in a practical context. This project focuses on Project on Practice Applications.,2023-11-15T00:00:00,ASG840780,7.4074074074074066,,100.0,MOD382153,Project on Practice Applications,27,2025-03-20T18:55:29.384176,0.25
2023-11-18T00:00:00,Project,71.71851851851851,2025-03-20T18:55:29.200505,Create a comprehensive solution that showcases your skills. This project focuses on Project - Poetry Fundamentals Concepts.,2023-11-23T00:00:00,ASG430764,7.4074074074074066,,100.0,MOD016406,Project - Poetry Fundamentals Concepts,27,2025-03-20T18:55:29.384176,0.25
2023-11-25T00:00:00,Participation,71.44444444444446,2025-03-20T18:55:29.200505,Your active participation in class activities will be assessed. This participation focuses on Participation on Poetry Theory.,2023-12-01T00:00:00,ASG716827,18.51851851851852,,100.0,MOD432218,Participation on Poetry Theory,27,2025-03-20T18:55:29.384176,0.1
2023-11-25T00:00:00,Participation,74.54444444444445,2025-03-20T18:55:29.200505,Your active participation in class activities will be assessed. This participation focuses on Participation on Poetry Theory.,2023-12-02T00:00:00,ASG645893,7.4074074074074066,,100.0,MOD432218,Participation on Poetry Theory,27,2025-03-20T18:55:29.384176,0.1
2023-12-03T00:00:00,Quiz,70.07407407407409,2025-03-20T18:55:29.200505,This quiz covers the essential material from recent lessons. This quiz focuses on Quiz - Theory Applications Concepts.,2023-12-04T00:00:00,ASG404680,18.51851851851852,1,100.0,MOD809870,Quiz - Theory Applications Concepts,27,2025-03-20T18:55:29.384176,0.15
2024-02-10T00:00:00,Quiz,71.58214285714284,2025-03-20T18:55:29.200505,This quiz covers the essential material from recent lessons. This quiz focuses on Project Quiz 1.,2024-02-14T00:00:00,ASG946998,7.142857142857142,3,100.0,MOD438372,Project Quiz 1,28,2025-03-20T18:55:29.387215,0.15
2024-02-17T00:00:00,Participation,72.44285714285714,2025-03-20T18:55:29.200505,Contribute to class discussions and activities. This participation focuses on Theory in Historical Assessment 1.,2024-02-23T00:00:00,ASG821713,3.571428571428571,,100.0,MOD158059,Theory in Historical Assessment 1,28,2025-03-20T18:55:29.387215,0.1
2024-02-25T00:00:00,Quiz,71.31071428571428,2025-03-20T18:55:29.200505,This quiz covers the essential material from recent lessons. This quiz focuses on Quiz on Research.,2024-02-29T00:00:00,ASG334874,3.571428571428571,1,100.0,MOD051461,Quiz on Research,28,2025-03-20T18:55:29.387215,0.15
2024-03-06T00:00:00,Exam,72.59285714285716,2025-03-20T18:55:29.200505,Demonstrate your mastery of the subject through this detailed examination. This exam focuses on Theory Applications Exam 1.,2024-03-09T00:00:00,ASG735952,10.714285714285714,3,100.0,MOD556982,Theory Applications Exam 1,28,2025-03-20T18:55:29.387215,0.3
2024-03-04T00:00:00,Homework,72.73928571428573,2025-03-20T18:55:29.200505,Complete these exercises to reinforce your understanding. This homework focuses on Homework - Theory Applications Concepts.,2024-03-09T00:00:00,ASG299083,10.714285714285714,4,100.0,MOD556982,Homework - Theory Applications Concepts,28,2025-03-20T18:55:29.387215,0.2
2024-03-15T00:00:00,Project,72.12499999999999,2025-03-20T18:55:29.200505,Create a comprehensive solution that showcases your skills. This project focuses on Historical Theory Project 1.,2024-03-21T00:00:00,ASG323848,17.857142857142858,,100.0,MOD759763,Historical Theory Project 1,28,2025-03-20T18:55:29.387215,0.25
2024-03-15T00:00:00,Project,72.22857142857143,2025-03-20T18:55:29.200505,This project allows you to apply concepts in a practical context. This project focuses on Historical Theory Project 2.,2024-03-21T00:00:00,ASG589270,7.142857142857142,,100.0,MOD759763,Historical Theory Project 2,28,2025-03-20T18:55:29.387215,0.25
2024-03-23T00:00:00,Homework,70.16071428571429,2025-03-20T18:55:29.200505,This homework assignment provides practice with key concepts. This homework focuses on Project in Historical Assessment 1.,2024-03-26T00:00:00,ASG062299,21.428571428571427,4,100.0,MOD714884,Project in Historical Assessment 1,28,2025-03-20T18:55:29.387215,0.2
2024-03-30T00:00:00,Project,73.05357142857143,2025-03-20T18:55:29.200505,Create a comprehensive solution that showcases your skills. This project focuses on Project Applications.,2024-04-03T00:00:00,ASG287033,7.142857142857142,,100.0,MOD630349,Project 1: Project Applications,28,2025-03-20T18:55:29.387215,0.25
2024-04-07T00:00:00,Exam,72.075,2025-03-20T18:55:29.200505,Demonstrate your mastery of the subject through this detailed examination. This exam focuses on Exam on Project in Historical.,2024-04-12T00:00:00,ASG801428,21.428571428571427,2,100.0,MOD664165,Exam on Project in Historical,28,2025-03-20T18:55:29.387215,0.3
2024-04-09T00:00:00,Participation,72.625,2025-03-20T18:55:29.200505,Your active participation in class activities will be assessed. This participation focuses on Participation - Project in Historical Concepts.,2024-04-11T00:00:00,ASG497270,10.714285714285714,,100.0,MOD664165,Participation - Project in Historical Concepts,28,2025-03-20T18:55:29.387215,0.1
2024-04-16T00:00:00,Project,70.88571428571427,2025-03-20T18:55:29.200505,Develop a project that demonstrates your understanding of the material. This project focuses on Discussion Applications Project 1.,2024-04-19T00:00:00,ASG288854,17.857142857142858,,100.0,MOD435482,Discussion Applications Project 1,28,2025-03-20T18:55:29.387215,0.25
2024-04-16T00:00:00,Participation,71.4,2025-03-20T18:55:29.200505,Contribute to class discussions and activities. This participation focuses on Participation - Discussion Applications Concepts.,2024-04-21T00:00:00,ASG356377,14.285714285714285,,100.0,MOD435482,Participation - Discussion Applications Concepts,28,2025-03-20T18:55:29.387215,0.1
2024-04-23T00:00:00,Homework,72.95357142857145,2025-03-20T18:55:29.200505,Complete these exercises to reinforce your understanding. This homework focuses on Homework on Theory Applications.,2024-04-25T00:00:00,ASG244842,7.142857142857142,2,100.0,MOD730735,Homework on Theory Applications,28,2025-03-20T18:55:29.387215,0.2
2023-09-06T00:00:00,Participation,67.64166666666667,2025-03-20T18:55:29.200505,Contribute to class discussions and activities. This participation focuses on Participation - Chemistry Project Concepts.,2023-09-23T00:00:00,ASG844335,8.333333333333332,,100.0,MOD681907,Participation - Chemistry Project Concepts,24,2025-03-20T18:55:29.386211,0.1
2023-09-08T00:00:00,Homework,67.02083333333333,2025-03-20T18:55:29.200505,Complete these exercises to reinforce your understanding. This homework focuses on Chemistry Project Assessment 2.,2023-09-22T00:00:00,ASG621228,33.33333333333333,5,100.0,MOD681907,Chemistry Project Assessment 2,24,2025-03-20T18:55:29.386211,0.2
2023-09-26T00:00:00,Project,67.89583333333334,2025-03-20T18:55:29.200505,Create a comprehensive solution that showcases your skills. This project focuses on Project on Discussion in Chemistry.,2023-10-08T00:00:00,ASG584413,12.5,,100.0,MOD395368,Project on Discussion in Chemistry,24,2025-03-20T18:55:29.386211,0.25
2023-10-19T00:00:00,Project,67.72083333333332,2025-03-20T18:55:29.200505,This project allows you to apply concepts in a practical context. This project focuses on Project Applications.,2023-11-04T00:00:00,ASG149435,25.0,,100.0,MOD141870,Project 1: Project Applications,24,2025-03-20T18:55:29.386211,0.25
2023-11-07T00:00:00,Project,69.89999999999999,2025-03-20T18:55:29.200505,Develop a project that demonstrates your understanding of the material. This project focuses on Chemistry Fundamentals Assessment 1.,2023-11-26T00:00:00,ASG450652,8.333333333333332,,100.0,MOD250932,Chemistry Fundamentals Assessment 1,24,2025-03-20T18:55:29.387215,0.25
2023-11-09T00:00:00,Exam,69.52083333333334,2025-03-20T18:55:29.200505,This exam assesses your overall understanding of the material. This exam focuses on Exam on Chemistry Fundamentals.,2023-11-27T00:00:00,ASG644301,4.166666666666666,2,100.0,MOD250932,Exam on Chemistry Fundamentals,24,2025-03-20T18:55:29.387215,0.3
2023-12-07T00:00:00,Project,67.81666666666668,2025-03-20T18:55:29.200505,Create a comprehensive solution that showcases your skills. This project focuses on Project - Chemistry Discussion Concepts.,2023-12-19T00:00:00,ASG056084,8.333333333333332,,100.0,MOD861207,Project - Chemistry Discussion Concepts,24,2025-03-20T18:55:29.387215,0.25
2024-02-11T00:00:00,Quiz,74.37058823529412,2025-03-20T18:55:29.200505,This quiz covers the essential material from recent lessons. This quiz focuses on Quiz - Theory in Laboratory Concepts.,2024-02-22T00:00:00,ASG028783,11.76470588235294,3,100.0,MOD034202,Quiz - Theory in Laboratory Concepts,17,2025-03-20T18:55:29.388231,0.15
2024-03-05T00:00:00,Participation,78.24705882352941,2025-03-20T18:55:29.200505,Your active participation in class activities will be assessed. This participation focuses on Project in Laboratory.,2024-03-12T00:00:00,ASG480457,5.88235294117647,,100.0,MOD097471,Participation 1: Project in Laboratory,17,2025-03-20T18:55:29.388231,0.1
2024-03-05T00:00:00,Quiz,77.57058823529412,2025-03-20T18:55:29.200505,A short quiz to test your understanding of key concepts. This quiz focuses on Quiz - Project in Laboratory Concepts.,2024-03-13T00:00:00,ASG961329,23.52941176470588,3,100.0,MOD097471,Quiz - Project in Laboratory Concepts,17,2025-03-20T18:55:29.388231,0.15
2024-03-25T00:00:00,Project,75.00588235294117,2025-03-20T18:55:29.200505,Develop a project that demonstrates your understanding of the material. This project focuses on Project on Laboratory Fundamentals.,2024-04-07T00:00:00,ASG946644,11.76470588235294,,100.0,MOD964511,Project on Laboratory Fundamentals,17,2025-03-20T18:55:29.388231,0.25
2024-03-21T00:00:00,Project,78.01176470588236,2025-03-20T18:55:29.200505,Develop a project that demonstrates your understanding of the material. This project focuses on Laboratory Fundamentals.,2024-04-09T00:00:00,ASG885061,29.411764705882355,,100.0,MOD964511,Project 2: Laboratory Fundamentals,17,2025-03-20T18:55:29.388231,0.25
2024-04-13T00:00:00,Homework,78.51764705882353,2025-03-20T18:55:29.200505,This homework assignment provides practice with key concepts. This homework focuses on Laboratory Fundamentals.,2024-04-30T00:00:00,ASG108324,5.88235294117647,5,100.0,MOD377363,Homework 1: Laboratory Fundamentals,17,2025-03-20T18:55:29.388231,0.2
2024-04-16T00:00:00,Participation,78.58823529411765,2025-03-20T18:55:29.200505,Contribute to class discussions and activities. This participation focuses on Laboratory Fundamentals.,2024-04-24T00:00:00,ASG069869,17.647058823529413,,100.0,MOD377363,Participation 2: Laboratory Fundamentals,17,2025-03-20T18:55:29.388231,0.1
2024-05-09T00:00:00,Quiz,75.45882352941177,2025-03-20T18:55:29.200505,Complete this quiz to demonstrate your knowledge of basic concepts. This quiz focuses on Research Assessment 1.,2024-05-18T00:00:00,ASG660867,23.52941176470588,2,100.0,MOD670743,Research Assessment 1,17,2025-03-20T18:55:29.388231,0.15
2024-06-04T00:00:00,Exam,78.06470588235295,2025-03-20T18:55:29.200505,Demonstrate your mastery of the subject through this detailed examination. This exam focuses on Laboratory Fundamentals.,2024-06-27T00:00:00,ASG515337,17.647058823529413,2,100.0,MOD754321,Exam 1: Laboratory Fundamentals,17,2025-03-20T18:55:29.388231,0.3
2024-05-27T00:00:00,Homework,78.7470588235294,2025-03-20T18:55:29.200505,This homework assignment provides practice with key concepts. This homework focuses on Laboratory Fundamentals.,2024-06-21T00:00:00,ASG040976,11.76470588235294,3,100.0,MOD754321,Homework 2: Laboratory Fundamentals,17,2025-03-20T18:55:29.388231,0.2
2023-09-16T00:00:00,Project,73.21111111111112,2025-03-20T18:55:29.200505,Create a comprehensive solution that showcases your skills. This project focuses on Theory in Earth Assessment 1.,2023-09-20T00:00:00,ASG338110,11.11111111111111,,100.0,MOD369711,Theory in Earth Assessment 1,27,2025-03-20T18:55:29.386211,0.25
2023-09-24T00:00:00,Quiz,70.33703703703705,2025-03-20T18:55:29.200505,This quiz covers the essential material from recent lessons. This quiz focuses on Earth Fundamentals.,2023-09-28T00:00:00,ASG602198,18.51851851851852,3,100.0,MOD744991,Quiz 1: Earth Fundamentals,27,2025-03-20T18:55:29.386211,0.15
2023-09-25T00:00:00,Quiz,74.27407407407408,2025-03-20T18:55:29.200505,Complete this quiz to demonstrate your knowledge of basic concepts. This quiz focuses on Quiz - Earth Fundamentals Concepts.,2023-09-27T00:00:00,ASG999810,11.11111111111111,1,100.0,MOD744991,Quiz - Earth Fundamentals Concepts,27,2025-03-20T18:55:29.386211,0.15
2023-10-03T00:00:00,Quiz,74.72592592592594,2025-03-20T18:55:29.200505,Complete this quiz to demonstrate your knowledge of basic concepts. This quiz focuses on Practice Quiz 1.,2023-10-07T00:00:00,ASG764794,11.11111111111111,1,100.0,MOD132128,Practice Quiz 1,27,2025-03-20T18:55:29.386211,0.15
2023-10-10T00:00:00,Project,73.78148148148149,2025-03-20T18:55:29.200505,Create a comprehensive solution that showcases your skills. This project focuses on Project - Practice Concepts.,2023-10-14T00:00:00,ASG327884,18.51851851851852,,100.0,MOD204282,Project - Practice Concepts,27,2025-03-20T18:55:29.386211,0.25
2023-10-09T00:00:00,Exam,73.63703703703702,2025-03-20T18:55:29.200505,Demonstrate your mastery of the subject through this detailed examination. This exam focuses on Exam - Practice Concepts.,2023-10-15T00:00:00,ASG294626,11.11111111111111,3,100.0,MOD204282,Exam - Practice Concepts,27,2025-03-20T18:55:29.386211,0.3
2023-10-20T00:00:00,Project,72.80740740740741,2025-03-20T18:55:29.200505,Create a comprehensive solution that showcases your skills. This project focuses on Earth Practice.,2023-10-25T00:00:00,ASG106402,11.11111111111111,,100.0,MOD711161,Project 1: Earth Practice,27,2025-03-20T18:55:29.386211,0.25
2023-10-20T00:00:00,Exam,75.5,2025-03-20T18:55:29.200505,A comprehensive exam covering all major topics in this module. This exam focuses on Earth Practice.,2023-10-23T00:00:00,ASG107966,14.814814814814813,2,100.0,MOD711161,Exam 2: Earth Practice,27,2025-03-20T18:55:29.386211,0.3
2023-10-26T00:00:00,Participation,74.69999999999999,2025-03-20T18:55:29.200505,Engage with the material through discussion and collaboration. This participation focuses on Project Applications.,2023-10-31T00:00:00,ASG981210,14.814814814814813,,100.0,MOD013668,Participation 1: Project Applications,27,2025-03-20T18:55:29.386211,0.1
2023-10-27T00:00:00,Participation,75.04444444444444,2025-03-20T18:55:29.200505,Engage with the material through discussion and collaboration. This participation focuses on Participation - Project Applications Concepts.,2023-11-01T00:00:00,ASG896028,7.4074074074074066,,100.0,MOD013668,Participation - Project Applications Concepts,27,2025-03-20T18:55:29.386211,0.1
2023-11-04T00:00:00,Participation,71.80000000000001,2025-03-20T18:55:29.200505,Contribute to class discussions and activities. This participation focuses on Research Applications.,2023-11-07T00:00:00,ASG649727,18.51851851851852,,100.0,MOD839778,Participation 1: Research Applications,27,2025-03-20T18:55:29.386211,0.1
2023-11-03T00:00:00,Project,73.3851851851852,2025-03-20T18:55:29.200505,Develop a project that demonstrates your understanding of the material. This project focuses on Project on Research Applications.,2023-11-08T00:00:00,ASG735951,3.7037037037037033,,100.0,MOD839778,Project on Research Applications,27,2025-03-20T18:55:29.386211,0.25
2023-11-12T00:00:00,Project,73.55925925925924,2025-03-20T18:55:29.200505,This project allows you to apply concepts in a practical context. This project focuses on Project on Practice Applications.,2023-11-16T00:00:00,ASG268258,11.11111111111111,,100.0,MOD935933,Project on Practice Applications,27,2025-03-20T18:55:29.386211,0.25
2023-11-11T00:00:00,Homework,72.05555555555556,2025-03-20T18:55:29.200505,This homework assignment provides practice with key concepts. This homework focuses on Practice Applications Homework 2.,2023-11-17T00:00:00,ASG306832,7.4074074074074066,1,100.0,MOD935933,Practice Applications Homework 2,27,2025-03-20T18:55:29.386211,0.2
2023-11-21T00:00:00,Exam,72.29259259259258,2025-03-20T18:55:29.200505,Demonstrate your mastery of the subject through this detailed examination. This exam focuses on Discussion Applications.,2023-11-24T00:00:00,ASG745033,18.51851851851852,2,100.0,MOD911930,Exam 1: Discussion Applications,27,2025-03-20T18:55:29.386211,0.3
2023-11-19T00:00:00,Participation,73.38888888888889,2025-03-20T18:55:29.200505,Your active participation in class activities will be assessed. This participation focuses on Discussion Applications Participation 2.,2023-11-24T00:00:00,ASG321404,14.814814814814813,,100.0,MOD911930,Discussion Applications Participation 2,27,2025-03-20T18:55:29.386211,0.1
2023-11-27T00:00:00,Project,75.16296296296296,2025-03-20T18:55:29.200505,Develop a project that demonstrates your understanding of the material. This project focuses on Project on Earth Fundamentals.,2023-12-04T00:00:00,ASG312792,14.814814814814813,,100.0,MOD875033,Project on Earth Fundamentals,27,2025-03-20T18:55:29.386211,0.25
2023-11-29T00:00:00,Exam,71.82962962962962,2025-03-20T18:55:29.200505,A comprehensive exam covering all major topics in this module. This exam focuses on Earth Fundamentals Assessment 2.,2023-12-02T00:00:00,ASG009989,25.925925925925924,3,100.0,MOD875033,Earth Fundamentals Assessment 2,27,2025-03-20T18:55:29.386211,0.3
2023-12-05T00:00:00,Homework,74.39629629629628,2025-03-20T18:55:29.200505,This homework assignment provides practice with key concepts. This homework focuses on Homework - Earth Fundamentals Concepts.,2023-12-11T00:00:00,ASG607682,11.11111111111111,1,100.0,MOD118563,Homework - Earth Fundamentals Concepts,27,2025-03-20T18:55:29.386211,0.2
2023-12-13T00:00:00,Homework,73.55185185185184,2025-03-20T18:55:29.200505,Complete these exercises to reinforce your understanding. This homework focuses on Earth Theory Assessment 1.,2023-12-19T00:00:00,ASG002006,18.51851851851852,4,100.0,MOD450007,Earth Theory Assessment 1,27,2025-03-20T18:55:29.386211,0.2
2023-12-22T00:00:00,Quiz,73.19999999999999,2025-03-20T18:55:29.200505,A short quiz to test your understanding of key concepts. This quiz focuses on Quiz on Discussion Applications.,2023-12-28T00:00:00,ASG438911,11.11111111111111,1,100.0,MOD694809,Quiz on Discussion Applications,27,2025-03-20T18:55:29.386211,0.15
2023-12-24T00:00:00,Project,72.66666666666667,2025-03-20T18:55:29.200505,Develop a project that demonstrates your understanding of the material. This project focuses on Project - Discussion Applications Concepts.,2023-12-27T00:00:00,ASG019905,11.11111111111111,,100.0,MOD694809,Project - Discussion Applications Concepts,27,2025-03-20T18:55:29.386211,0.25
2023-12-31T00:00:00,Project,71.67407407407407,2025-03-20T18:55:29.200505,Develop a project that demonstrates your understanding of the material. This project focuses on Earth Practice Assessment 1.,2024-01-03T00:00:00,ASG612554,14.814814814814813,,100.0,MOD287899,Earth Practice Assessment 1,27,2025-03-20T18:55:29.386211,0.25
2023-12-31T00:00:00,Quiz,74.27037037037037,2025-03-20T18:55:29.200505,A short quiz to test your understanding of key concepts. This quiz focuses on Quiz on Earth Practice.,2024-01-03T00:00:00,ASG792200,11.11111111111111,3,100.0,MOD287899,Quiz on Earth Practice,27,2025-03-20T18:55:29.386211,0.15
2023-09-06T00:00:00,Homework,76.525,2025-03-20T18:55:29.200505,Complete these exercises to reinforce your understanding. This homework focuses on Homework - Project Concepts.,2023-09-11T00:00:00,ASG928146,6.25,3,100.0,MOD245154,Homework - Project Concepts,16,2025-03-20T18:55:29.441201,0.2
2023-09-05T00:00:00,Project,73.55625,2025-03-20T18:55:29.200505,Create a comprehensive solution that showcases your skills. This project focuses on Project on Project.,2023-09-12T00:00:00,ASG773673,18.75,,100.0,MOD245154,Project on Project,16,2025-03-20T18:55:29.441201,0.25
2023-09-15T00:00:00,Quiz,76.68749999999999,2025-03-20T18:55:29.200505,This quiz covers the essential material from recent lessons. This quiz focuses on Quiz on Project in Visual.,2023-09-17T00:00:00,ASG447766,12.5,1,100.0,MOD767393,Quiz on Project in Visual,16,2025-03-20T18:55:29.441201,0.15
2023-09-21T00:00:00,Quiz,73.19375000000001,2025-03-20T18:55:29.200505,A short quiz to test your understanding of key concepts. This quiz focuses on Visual Fundamentals.,2023-09-25T00:00:00,ASG849439,43.75,1,100.0,MOD662871,Quiz 1: Visual Fundamentals,16,2025-03-20T18:55:29.441201,0.15
2023-09-21T00:00:00,Project,74.5625,2025-03-20T18:55:29.200505,Create a comprehensive solution that showcases your skills. This project focuses on Visual Fundamentals Assessment 2.,2023-09-25T00:00:00,ASG135100,25.0,,100.0,MOD662871,Visual Fundamentals Assessment 2,16,2025-03-20T18:55:29.441201,0.25
2023-09-29T00:00:00,Participation,75.66874999999999,2025-03-20T18:55:29.200505,Contribute to class discussions and activities. This participation focuses on Participation - Discussion Applications Concepts.,2023-10-06T00:00:00,ASG484592,12.5,,100.0,MOD641623,Participation - Discussion Applications Concepts,16,2025-03-20T18:55:29.441201,0.1
2023-10-08T00:00:00,Homework,72.76250000000002,2025-03-20T18:55:29.200505,This homework assignment provides practice with key concepts. This homework focuses on Homework - Research in Visual Concepts.,2023-10-12T00:00:00,ASG621541,18.75,2,100.0,MOD319518,Homework - Research in Visual Concepts,16,2025-03-20T18:55:29.441201,0.2
2023-10-09T00:00:00,Homework,71.45,2025-03-20T18:55:29.200505,Complete these exercises to reinforce your understanding. This homework focuses on Research in Visual Assessment 2.,2023-10-14T00:00:00,ASG176173,37.5,1,100.0,MOD319518,Research in Visual Assessment 2,16,2025-03-20T18:55:29.441201,0.2
2023-10-18T00:00:00,Exam,76.63125,2025-03-20T18:55:29.200505,This exam assesses your overall understanding of the material. This exam focuses on Exam - Visual Discussion Concepts.,2023-10-22T00:00:00,ASG742108,31.25,3,100.0,MOD142311,Exam - Visual Discussion Concepts,16,2025-03-20T18:55:29.441201,0.3
2023-10-17T00:00:00,Project,78.9625,2025-03-20T18:55:29.200505,Create a comprehensive solution that showcases your skills. This project focuses on Project on Visual Discussion.,2023-10-23T00:00:00,ASG706182,6.25,,100.0,MOD142311,Project on Visual Discussion,16,2025-03-20T18:55:29.441201,0.25
2023-10-24T00:00:00,Exam,77.35625,2025-03-20T18:55:29.200505,This exam assesses your overall understanding of the material. This exam focuses on Discussion.,2023-10-30T00:00:00,ASG235358,18.75,3,100.0,MOD952553,Exam 1: Discussion,16,2025-03-20T18:55:29.441201,0.3
2023-11-02T00:00:00,Homework,77.175,2025-03-20T18:55:29.200505,This homework assignment provides practice with key concepts. This homework focuses on Visual Research.,2023-11-08T00:00:00,ASG244657,31.25,3,100.0,MOD424797,Homework 1: Visual Research,16,2025-03-20T18:55:29.441201,0.2
2023-11-03T00:00:00,Project,74.6,2025-03-20T18:55:29.200505,This project allows you to apply concepts in a practical context. This project focuses on Visual Research Assessment 2.,2023-11-07T00:00:00,ASG412534,12.5,,100.0,MOD424797,Visual Research Assessment 2,16,2025-03-20T18:55:29.441201,0.25
2023-11-13T00:00:00,Exam,75.83125,2025-03-20T18:55:29.200505,This exam assesses your overall understanding of the material. This exam focuses on Discussion in Visual Exam 1.,2023-11-17T00:00:00,ASG224994,6.25,3,100.0,MOD306393,Discussion in Visual Exam 1,16,2025-03-20T18:55:29.441201,0.3
2023-11-13T00:00:00,Quiz,74.1375,2025-03-20T18:55:29.200505,Complete this quiz to demonstrate your knowledge of basic concepts. This quiz focuses on Discussion in Visual.,2023-11-18T00:00:00,ASG631202,12.5,3,100.0,MOD306393,Quiz 2: Discussion in Visual,16,2025-03-20T18:55:29.441201,0.15
2023-11-21T00:00:00,Quiz,77.15625,2025-03-20T18:55:29.200505,This quiz covers the essential material from recent lessons. This quiz focuses on Quiz on Theory Applications.,2023-11-26T00:00:00,ASG747039,12.5,1,100.0,MOD347307,Quiz on Theory Applications,16,2025-03-20T18:55:29.441201,0.15
2023-11-30T00:00:00,Project,72.96875,2025-03-20T18:55:29.200505,This project allows you to apply concepts in a practical context. This project focuses on Theory Project 1.,2023-12-05T00:00:00,ASG026923,18.75,,100.0,MOD435345,Theory Project 1,16,2025-03-20T18:55:29.441201,0.25
2023-12-08T00:00:00,Quiz,73.61875,2025-03-20T18:55:29.200505,A short quiz to test your understanding of key concepts. This quiz focuses on Visual Discussion Quiz 1.,2023-12-12T00:00:00,ASG311006,31.25,2,100.0,MOD569644,Visual Discussion Quiz 1,16,2025-03-20T18:55:29.441201,0.15
2023-12-15T00:00:00,Homework,74.26875,2025-03-20T18:55:29.200505,Complete these exercises to reinforce your understanding. This homework focuses on Visual Fundamentals Homework 1.,2023-12-19T00:00:00,ASG632845,18.75,2,100.0,MOD062662,Visual Fundamentals Homework 1,16,2025-03-20T18:55:29.441201,0.2
2023-12-22T00:00:00,Participation,78.5625,2025-03-20T18:55:29.200505,Your active participation in class activities will be assessed. This participation focuses on Participation on Theory.,2023-12-24T00:00:00,ASG368220,12.5,,100.0,MOD367363,Participation on Theory,16,2025-03-20T18:55:29.441201,0.1
2023-12-22T00:00:00,Participation,76.6125,2025-03-20T18:55:29.200505,Engage with the material through discussion and collaboration. This participation focuses on Participation on Theory.,2023-12-25T00:00:00,ASG189974,12.5,,100.0,MOD367363,Participation on Theory,16,2025-03-20T18:55:29.441201,0.1
2023-09-04T00:00:00,Homework,77.48928571428571,2025-03-20T18:55:29.200505,This homework assignment provides practice with key concepts. This homework focuses on Practice Applications Homework 1.,2023-09-09T00:00:00,ASG766544,21.428571428571427,5,100.0,MOD064973,Practice Applications Homework 1,28,2025-03-20T18:55:29.443201,0.2
2023-09-02T00:00:00,Project,75.72142857142858,2025-03-20T18:55:29.200505,This project allows you to apply concepts in a practical context. This project focuses on Practice Applications.,2023-09-08T00:00:00,ASG054597,14.285714285714285,,100.0,MOD064973,Project 2: Practice Applications,28,2025-03-20T18:55:29.443201,0.25
2023-09-11T00:00:00,Participation,75.55714285714285,2025-03-20T18:55:29.200505,Contribute to class discussions and activities. This participation focuses on Participation - Conservation Fundamentals Concepts.,2023-09-18T00:00:00,ASG060886,21.428571428571427,,100.0,MOD766912,Participation - Conservation Fundamentals Concepts,28,2025-03-20T18:55:29.443201,0.1
2023-09-21T00:00:00,Exam,75.7357142857143,2025-03-20T18:55:29.200505,A comprehensive exam covering all major topics in this module. This exam focuses on Exam - Research in Conservation Concepts.,2023-09-24T00:00:00,ASG644886,10.714285714285714,1,100.0,MOD690974,Exam - Research in Conservation Concepts,28,2025-03-20T18:55:29.443201,0.3
2023-09-19T00:00:00,Homework,76.15357142857144,2025-03-20T18:55:29.200505,Complete these exercises to reinforce your understanding. This homework focuses on Research in Conservation.,2023-09-25T00:00:00,ASG238755,7.142857142857142,2,100.0,MOD690974,Homework 2: Research in Conservation,28,2025-03-20T18:55:29.443201,0.2
2023-09-30T00:00:00,Project,73.91785714285713,2025-03-20T18:55:29.200505,Create a comprehensive solution that showcases your skills. This project focuses on Conservation Theory Assessment 1.,2023-10-06T00:00:00,ASG712521,25.0,,100.0,MOD659731,Conservation Theory Assessment 1,28,2025-03-20T18:55:29.443201,0.25
2023-09-30T00:00:00,Homework,75.01071428571429,2025-03-20T18:55:29.200505,Apply what you've learned by completing these problems. This homework focuses on Conservation Theory Assessment 2.,2023-10-03T00:00:00,ASG665604,14.285714285714285,2,100.0,MOD659731,Conservation Theory Assessment 2,28,2025-03-20T18:55:29.443201,0.2
2023-10-07T00:00:00,Participation,74.09999999999998,2025-03-20T18:55:29.200505,Engage with the material through discussion and collaboration. This participation focuses on Discussion Applications Assessment 1.,2023-10-14T00:00:00,ASG624680,25.0,,100.0,MOD306249,Discussion Applications Assessment 1,28,2025-03-20T18:55:29.443201,0.1
2023-10-09T00:00:00,Exam,76.55357142857143,2025-03-20T18:55:29.200505,A comprehensive exam covering all major topics in this module. This exam focuses on Exam on Discussion Applications.,2023-10-11T00:00:00,ASG730042,10.714285714285714,3,100.0,MOD306249,Exam on Discussion Applications,28,2025-03-20T18:55:29.443201,0.3
2023-10-15T00:00:00,Participation,75.90714285714286,2025-03-20T18:55:29.200505,Contribute to class discussions and activities. This participation focuses on Research in Conservation.,2023-10-22T00:00:00,ASG250763,10.714285714285714,,100.0,MOD386356,Participation 1: Research in Conservation,28,2025-03-20T18:55:29.443201,0.1
2023-10-15T00:00:00,Quiz,74.17857142857142,2025-03-20T18:55:29.200505,Complete this quiz to demonstrate your knowledge of basic concepts. This quiz focuses on Quiz - Research in Conservation Concepts.,2023-10-23T00:00:00,ASG735539,10.714285714285714,2,100.0,MOD386356,Quiz - Research in Conservation Concepts,28,2025-03-20T18:55:29.443201,0.15
2023-10-25T00:00:00,Participation,75.99999999999999,2025-03-20T18:55:29.200505,Engage with the material through discussion and collaboration. This participation focuses on Research in Conservation.,2023-10-29T00:00:00,ASG036262,28.57142857142857,,100.0,MOD576344,Participation 1: Research in Conservation,28,2025-03-20T18:55:29.443201,0.1
2023-11-01T00:00:00,Participation,74.15714285714286,2025-03-20T18:55:29.200505,Your active participation in class activities will be assessed. This participation focuses on Project in Conservation Participation 1.,2023-11-06T00:00:00,ASG894496,14.285714285714285,,100.0,MOD044202,Project in Conservation Participation 1,28,2025-03-20T18:55:29.443201,0.1
2023-11-10T00:00:00,Homework,73.61428571428571,2025-03-20T18:55:29.200505,Complete these exercises to reinforce your understanding. This homework focuses on Homework - Discussion Concepts.,2023-11-15T00:00:00,ASG524856,28.57142857142857,2,100.0,MOD647074,Homework - Discussion Concepts,28,2025-03-20T18:55:29.443201,0.2
2023-11-11T00:00:00,Exam,73.11785714285713,2025-03-20T18:55:29.200505,This exam assesses your overall understanding of the material. This exam focuses on Discussion Exam 2.,2023-11-17T00:00:00,ASG890587,14.285714285714285,3,100.0,MOD647074,Discussion Exam 2,28,2025-03-20T18:55:29.443201,0.3
2023-11-20T00:00:00,Quiz,75.78214285714286,2025-03-20T18:55:29.200505,A short quiz to test your understanding of key concepts. This quiz focuses on Project in Conservation Quiz 1.,2023-11-22T00:00:00,ASG424955,17.857142857142858,3,100.0,MOD163070,Project in Conservation Quiz 1,28,2025-03-20T18:55:29.443201,0.15
2023-11-19T00:00:00,Project,73.24642857142855,2025-03-20T18:55:29.200505,This project allows you to apply concepts in a practical context. This project focuses on Project - Project in Conservation Concepts.,2023-11-24T00:00:00,ASG825646,28.57142857142857,,100.0,MOD163070,Project - Project in Conservation Concepts,28,2025-03-20T18:55:29.443201,0.25
2023-11-27T00:00:00,Homework,74.8892857142857,2025-03-20T18:55:29.200505,Complete these exercises to reinforce your understanding. This homework focuses on Homework on Conservation Fundamentals.,2023-12-03T00:00:00,ASG151621,14.285714285714285,3,100.0,MOD828479,Homework on Conservation Fundamentals,28,2025-03-20T18:55:29.443201,0.2
2023-12-05T00:00:00,Homework,73.66071428571426,2025-03-20T18:55:29.200505,Apply what you've learned by completing these problems. This homework focuses on Practice Applications.,2023-12-09T00:00:00,ASG658925,14.285714285714285,1,100.0,MOD614030,Homework 1: Practice Applications,28,2025-03-20T18:55:29.443201,0.2
2023-12-13T00:00:00,Exam,75.03571428571426,2025-03-20T18:55:29.200505,Demonstrate your mastery of the subject through this detailed examination. This exam focuses on Exam on Research Applications.,2023-12-15T00:00:00,ASG314538,10.714285714285714,3,100.0,MOD435598,Exam on Research Applications,28,2025-03-20T18:55:29.443201,0.3
2024-02-06T00:00:00,Participation,70.80666666666667,2025-03-20T18:55:29.200505,Engage with the material through discussion and collaboration. This participation focuses on Individual Practice.,2024-02-11T00:00:00,ASG060990,6.666666666666667,,100.0,MOD756562,Participation 1: Individual Practice,15,2025-03-20T18:55:29.439202,0.1
2024-02-16T00:00:00,Quiz,71.54666666666667,2025-03-20T18:55:29.200505,This quiz covers the essential material from recent lessons. This quiz focuses on Quiz on Individual Fundamentals.,2024-02-21T00:00:00,ASG754822,0.0,3,100.0,MOD640304,Quiz on Individual Fundamentals,15,2025-03-20T18:55:29.439202,0.15
2024-02-27T00:00:00,Exam,69.93333333333334,2025-03-20T18:55:29.200505,Demonstrate your mastery of the subject through this detailed examination. This exam focuses on Exam - Project Concepts.,2024-03-01T00:00:00,ASG227532,13.333333333333334,2,100.0,MOD359916,Exam - Project Concepts,15,2025-03-20T18:55:29.439202,0.3
2024-03-05T00:00:00,Homework,74.13333333333334,2025-03-20T18:55:29.200505,Apply what you've learned by completing these problems. This homework focuses on Theory.,2024-03-10T00:00:00,ASG688904,6.666666666666667,1,100.0,MOD583725,Homework 1: Theory,15,2025-03-20T18:55:29.439202,0.2
2024-03-06T00:00:00,Exam,72.83333333333333,2025-03-20T18:55:29.200505,A comprehensive exam covering all major topics in this module. This exam focuses on Theory Exam 2.,2024-03-13T00:00:00,ASG868669,0.0,1,100.0,MOD583725,Theory Exam 2,15,2025-03-20T18:55:29.439202,0.3
2024-03-16T00:00:00,Homework,73.44666666666666,2025-03-20T18:55:29.200505,Complete these exercises to reinforce your understanding. This homework focuses on Practice Assessment 1.,2024-03-18T00:00:00,ASG886914,6.666666666666667,4,100.0,MOD081260,Practice Assessment 1,15,2025-03-20T18:55:29.439202,0.2
2024-03-22T00:00:00,Homework,70.71999999999998,2025-03-20T18:55:29.200505,Complete these exercises to reinforce your understanding. This homework focuses on Project Applications Assessment 1.,2024-03-28T00:00:00,ASG362152,20.0,4,100.0,MOD013407,Project Applications Assessment 1,15,2025-03-20T18:55:29.439202,0.2
2024-04-03T00:00:00,Participation,70.63333333333334,2025-03-20T18:55:29.200505,Your active participation in class activities will be assessed. This participation focuses on Individual Project Assessment 1.,2024-04-06T00:00:00,ASG370677,33.33333333333333,,100.0,MOD743551,Individual Project Assessment 1,15,2025-03-20T18:55:29.439202,0.1
2024-04-09T00:00:00,Participation,69.96666666666667,2025-03-20T18:55:29.200505,Contribute to class discussions and activities. This participation focuses on Participation - Practice Concepts.,2024-04-18T00:00:00,ASG647865,26.666666666666668,,100.0,MOD440376,Participation - Practice Concepts,15,2025-03-20T18:55:29.439202,0.1
2024-04-19T00:00:00,Exam,70.53333333333333,2025-03-20T18:55:29.200505,A comprehensive exam covering all major topics in this module. This exam focuses on Theory Applications.,2024-04-23T00:00:00,ASG109954,20.0,3,100.0,MOD126258,Exam 1: Theory Applications,15,2025-03-20T18:55:29.439202,0.3
2024-04-29T00:00:00,Participation,72.48,2025-03-20T18:55:29.200505,Your active participation in class activities will be assessed. This participation focuses on Theory in Individual Assessment 1.,2024-05-06T00:00:00,ASG690460,13.333333333333334,,100.0,MOD747455,Theory in Individual Assessment 1,15,2025-03-20T18:55:29.439202,0.1
2024-04-30T00:00:00,Quiz,74.06666666666666,2025-03-20T18:55:29.200505,This quiz covers the essential material from recent lessons. This quiz focuses on Theory in Individual Quiz 2.,2024-05-06T00:00:00,ASG426802,13.333333333333334,3,100.0,MOD747455,Theory in Individual Quiz 2,15,2025-03-20T18:55:29.439202,0.15
2024-05-09T00:00:00,Project,73.36666666666666,2025-03-20T18:55:29.200505,Create a comprehensive solution that showcases your skills. This project focuses on Project on Theory.,2024-05-13T00:00:00,ASG062152,6.666666666666667,,100.0,MOD221340,Project on Theory,15,2025-03-20T18:55:29.439202,0.25
2024-05-08T00:00:00,Participation,70.61999999999999,2025-03-20T18:55:29.200505,Contribute to class discussions and activities. This participation focuses on Theory Assessment 2.,2024-05-11T00:00:00,ASG704558,20.0,,100.0,MOD221340,Theory Assessment 2,15,2025-03-20T18:55:29.439202,0.1
2024-05-15T00:00:00,Exam,70.73333333333333,2025-03-20T18:55:29.200505,Demonstrate your mastery of the subject through this detailed examination. This exam focuses on Project Assessment 1.,2024-05-23T00:00:00,ASG620863,20.0,1,100.0,MOD282370,Project Assessment 1,15,2025-03-20T18:55:29.439202,0.3
2024-05-24T00:00:00,Project,74.51333333333334,2025-03-20T18:55:29.201504,Develop a project that demonstrates your understanding of the material. This project focuses on Project on Individual Research.,2024-05-30T00:00:00,ASG408164,33.33333333333333,,100.0,MOD662083,Project on Individual Research,15,2025-03-20T18:55:29.439202,0.25
2024-06-03T00:00:00,Homework,71.6,2025-03-20T18:55:29.201504,This homework assignment provides practice with key concepts. This homework focuses on Homework - Individual Project Concepts.,2024-06-09T00:00:00,ASG661307,20.0,2,100.0,MOD626714,Homework - Individual Project Concepts,15,2025-03-20T18:55:29.439202,0.2
2024-06-14T00:00:00,Project,71.81333333333333,2025-03-20T18:55:29.201504,This project allows you to apply concepts in a practical context. This project focuses on Individual Theory.,2024-06-19T00:00:00,ASG898811,13.333333333333334,,100.0,MOD625781,Project 1: Individual Theory,15,2025-03-20T18:55:29.439202,0.25
2024-06-22T00:00:00,Participation,73.81333333333335,2025-03-20T18:55:29.201504,Contribute to class discussions and activities. This participation focuses on Participation on Individual Fundamentals.,2024-06-24T00:00:00,ASG448776,0.0,,100.0,MOD734537,Participation on Individual Fundamentals,15,2025-03-20T18:55:29.439202,0.1
2024-06-22T00:00:00,Project,71.64666666666668,2025-03-20T18:55:29.201504,This project allows you to apply concepts in a practical context. This project focuses on Project - Individual Fundamentals Concepts.,2024-06-23T00:00:00,ASG748023,20.0,,100.0,MOD734537,Project - Individual Fundamentals Concepts,15,2025-03-20T18:55:29.439202,0.25
2023-09-11T00:00:00,Quiz,69.07499999999999,2025-03-20T18:55:29.201504,This quiz covers the essential material from recent lessons. This quiz focuses on Sociology Fundamentals Quiz 1.,2023-09-22T00:00:00,ASG029552,15.0,3,100.0,MOD248618,Sociology Fundamentals Quiz 1,20,2025-03-20T18:55:29.441201,0.15
2023-09-28T00:00:00,Homework,71.07000000000001,2025-03-20T18:55:29.201504,This homework assignment provides practice with key concepts. This homework focuses on Homework - Sociology Theory Concepts.,2023-10-11T00:00:00,ASG665797,15.0,3,100.0,MOD330539,Homework - Sociology Theory Concepts,20,2025-03-20T18:55:29.441201,0.2
2023-10-13T00:00:00,Participation,70.51,2025-03-20T18:55:29.201504,Engage with the material through discussion and collaboration. This participation focuses on Participation - Discussion Concepts.,2023-10-26T00:00:00,ASG648897,5.0,,100.0,MOD553017,Participation - Discussion Concepts,20,2025-03-20T18:55:29.441201,0.1
2023-10-19T00:00:00,Homework,71.74,2025-03-20T18:55:29.201504,Apply what you've learned by completing these problems. This homework focuses on Discussion Homework 2.,2023-11-01T00:00:00,ASG436787,20.0,2,100.0,MOD553017,Discussion Homework 2,20,2025-03-20T18:55:29.441201,0.2
2023-11-10T00:00:00,Participation,68.38,2025-03-20T18:55:29.201504,Contribute to class discussions and activities. This participation focuses on Sociology Fundamentals Participation 1.,2023-11-26T00:00:00,ASG174079,10.0,,100.0,MOD948198,Sociology Fundamentals Participation 1,20,2025-03-20T18:55:29.441201,0.1
2023-11-30T00:00:00,Quiz,70.89500000000001,2025-03-20T18:55:29.201504,This quiz covers the essential material from recent lessons. This quiz focuses on Practice in Sociology Quiz 1.,2023-12-12T00:00:00,ASG007838,5.0,3,100.0,MOD536315,Practice in Sociology Quiz 1,20,2025-03-20T18:55:29.441201,0.15
2023-12-19T00:00:00,Participation,69.69,2025-03-20T18:55:29.201504,Your active participation in class activities will be assessed. This participation focuses on Research Applications Assessment 1.,2024-01-10T00:00:00,ASG498201,20.0,,100.0,MOD158329,Research Applications Assessment 1,20,2025-03-20T18:55:29.441201,0.1
2024-01-13T00:00:00,Participation,70.79,2025-03-20T18:55:29.201504,Your active participation in class activities will be assessed. This participation focuses on Theory Assessment 1.,2024-01-17T00:00:00,ASG077840,10.0,,100.0,MOD396327,Theory Assessment 1,20,2025-03-20T18:55:29.441201,0.1
2024-01-12T00:00:00,Project,72.89500000000001,2025-03-20T18:55:29.201504,This project allows you to apply concepts in a practical context. This project focuses on Project - Theory Concepts.,2024-01-17T00:00:00,ASG343671,20.0,,100.0,MOD396327,Project - Theory Concepts,20,2025-03-20T18:55:29.441201,0.25
2024-02-14T00:00:00,Participation,77.77857142857144,2025-03-20T18:55:29.201504,Engage with the material through discussion and collaboration. This participation focuses on Project in Health Participation 1.,2024-02-18T00:00:00,ASG164189,7.142857142857142,,100.0,MOD312345,Project in Health Participation 1,14,2025-03-20T18:55:29.434261,0.1
2024-02-22T00:00:00,Quiz,75.7642857142857,2025-03-20T18:55:29.201504,This quiz covers the essential material from recent lessons. This quiz focuses on Quiz on Health Fundamentals.,2024-02-24T00:00:00,ASG911220,14.285714285714285,1,100.0,MOD047617,Quiz on Health Fundamentals,14,2025-03-20T18:55:29.434261,0.15
2024-02-21T00:00:00,Project,80.34285714285716,2025-03-20T18:55:29.201504,Create a comprehensive solution that showcases your skills. This project focuses on Project on Health Fundamentals.,2024-02-24T00:00:00,ASG726511,0.0,,100.0,MOD047617,Project on Health Fundamentals,14,2025-03-20T18:55:29.434261,0.25
2024-03-01T00:00:00,Participation,78.21428571428571,2025-03-20T18:55:29.201504,Your active participation in class activities will be assessed. This participation focuses on Health Theory Assessment 1.,2024-03-05T00:00:00,ASG721178,14.285714285714285,,100.0,MOD729451,Health Theory Assessment 1,14,2025-03-20T18:55:29.434261,0.1
2024-03-09T00:00:00,Project,74.87142857142858,2025-03-20T18:55:29.201504,Develop a project that demonstrates your understanding of the material. This project focuses on Practice Project 1.,2024-03-15T00:00:00,ASG980222,14.285714285714285,,100.0,MOD566694,Practice Project 1,14,2025-03-20T18:55:29.434261,0.25
2024-03-17T00:00:00,Participation,75.84285714285714,2025-03-20T18:55:29.201504,Engage with the material through discussion and collaboration. This participation focuses on Theory Applications.,2024-03-23T00:00:00,ASG865830,21.428571428571427,,100.0,MOD622515,Participation 1: Theory Applications,14,2025-03-20T18:55:29.434261,0.1
2024-03-18T00:00:00,Project,78.55714285714286,2025-03-20T18:55:29.201504,Develop a project that demonstrates your understanding of the material. This project focuses on Theory Applications.,2024-03-20T00:00:00,ASG720258,7.142857142857142,,100.0,MOD622515,Project 2: Theory Applications,14,2025-03-20T18:55:29.434261,0.25
2024-03-25T00:00:00,Participation,78.00714285714287,2025-03-20T18:55:29.201504,Engage with the material through discussion and collaboration. This participation focuses on Participation - Discussion Applications Concepts.,2024-03-29T00:00:00,ASG981956,14.285714285714285,,100.0,MOD353876,Participation - Discussion Applications Concepts,14,2025-03-20T18:55:29.434261,0.1
2024-03-26T00:00:00,Project,79.22142857142856,2025-03-20T18:55:29.201504,Develop a project that demonstrates your understanding of the material. This project focuses on Discussion Applications Assessment 2.,2024-03-30T00:00:00,ASG059965,7.142857142857142,,100.0,MOD353876,Discussion Applications Assessment 2,14,2025-03-20T18:55:29.434261,0.25
2024-04-02T00:00:00,Homework,79.64285714285714,2025-03-20T18:55:29.201504,Complete these exercises to reinforce your understanding. This homework focuses on Theory in Health.,2024-04-09T00:00:00,ASG861610,14.285714285714285,2,100.0,MOD399632,Homework 1: Theory in Health,14,2025-03-20T18:55:29.434261,0.2
2024-04-10T00:00:00,Quiz,78.87857142857142,2025-03-20T18:55:29.201504,Complete this quiz to demonstrate your knowledge of basic concepts. This quiz focuses on Practice in Health Assessment 1.,2024-04-18T00:00:00,ASG801915,14.285714285714285,2,100.0,MOD616038,Practice in Health Assessment 1,14,2025-03-20T18:55:29.434261,0.15
2024-04-20T00:00:00,Participation,79.61428571428571,2025-03-20T18:55:29.201504,Engage with the material through discussion and collaboration. This participation focuses on Health Fundamentals Assessment 1.,2024-04-26T00:00:00,ASG415748,7.142857142857142,,100.0,MOD468806,Health Fundamentals Assessment 1,14,2025-03-20T18:55:29.434261,0.1
2024-04-21T00:00:00,Exam,77.81428571428572,2025-03-20T18:55:29.201504,Demonstrate your mastery of the subject through this detailed examination. This exam focuses on Exam on Health Fundamentals.,2024-04-25T00:00:00,ASG280737,7.142857142857142,3,100.0,MOD468806,Exam on Health Fundamentals,14,2025-03-20T18:55:29.434261,0.3
2024-04-27T00:00:00,Homework,78.19285714285716,2025-03-20T18:55:29.201504,Complete these exercises to reinforce your understanding. This homework focuses on Homework on Theory Applications.,2024-05-04T00:00:00,ASG154787,14.285714285714285,2,100.0,MOD652514,Homework on Theory Applications,14,2025-03-20T18:55:29.434261,0.2
2024-05-06T00:00:00,Participation,74.10714285714286,2025-03-20T18:55:29.201504,Your active participation in class activities will be assessed. This participation focuses on Participation - Theory Applications Concepts.,2024-05-11T00:00:00,ASG766031,28.57142857142857,,100.0,MOD536818,Participation - Theory Applications Concepts,14,2025-03-20T18:55:29.434261,0.1
2023-09-07T00:00:00,Exam,73.81304347826087,2025-03-20T18:55:29.201504,This exam assesses your overall understanding of the material. This exam focuses on Research Exam 1.,2023-09-13T00:00:00,ASG486455,8.695652173913043,3,100.0,MOD765849,Research Exam 1,23,2025-03-20T18:55:29.508917,0.3
2023-09-07T00:00:00,Project,72.5086956521739,2025-03-20T18:55:29.201504,This project allows you to apply concepts in a practical context. This project focuses on Research Assessment 2.,2023-09-13T00:00:00,ASG551658,8.695652173913043,,100.0,MOD765849,Research Assessment 2,23,2025-03-20T18:55:29.508917,0.25
2023-09-15T00:00:00,Exam,71.64347826086957,2025-03-20T18:55:29.201504,This exam assesses your overall understanding of the material. This exam focuses on Theory Applications Exam 1.,2023-09-20T00:00:00,ASG839763,13.043478260869565,3,100.0,MOD294470,Theory Applications Exam 1,23,2025-03-20T18:55:29.508917,0.3
2023-09-16T00:00:00,Homework,71.6217391304348,2025-03-20T18:55:29.201504,Apply what you've learned by completing these problems. This homework focuses on Theory Applications.,2023-09-21T00:00:00,ASG326754,17.391304347826086,3,100.0,MOD294470,Homework 2: Theory Applications,23,2025-03-20T18:55:29.508917,0.2
2023-09-24T00:00:00,Homework,69.61739130434783,2025-03-20T18:55:29.201504,Apply what you've learned by completing these problems. This homework focuses on Homework on Ancient Research.,2023-09-29T00:00:00,ASG695454,17.391304347826086,1,100.0,MOD828835,Homework on Ancient Research,23,2025-03-20T18:55:29.508917,0.2
2023-10-03T00:00:00,Homework,69.47826086956522,2025-03-20T18:55:29.201504,Complete these exercises to reinforce your understanding. This homework focuses on Discussion Applications Homework 1.,2023-10-05T00:00:00,ASG611421,13.043478260869565,5,100.0,MOD951634,Discussion Applications Homework 1,23,2025-03-20T18:55:29.508917,0.2
2023-10-11T00:00:00,Project,71.13913043478261,2025-03-20T18:55:29.201504,This project allows you to apply concepts in a practical context. This project focuses on Ancient Project.,2023-10-13T00:00:00,ASG767731,34.78260869565217,,100.0,MOD990856,Project 1: Ancient Project,23,2025-03-20T18:55:29.508917,0.25
2023-10-10T00:00:00,Project,70.08695652173913,2025-03-20T18:55:29.201504,This project allows you to apply concepts in a practical context. This project focuses on Project on Ancient Project.,2023-10-13T00:00:00,ASG245222,17.391304347826086,,100.0,MOD990856,Project on Ancient Project,23,2025-03-20T18:55:29.508917,0.25
2023-10-17T00:00:00,Project,69.73913043478261,2025-03-20T18:55:29.201504,Create a comprehensive solution that showcases your skills. This project focuses on Ancient Fundamentals Assessment 1.,2023-10-22T00:00:00,ASG702366,8.695652173913043,,100.0,MOD700621,Ancient Fundamentals Assessment 1,23,2025-03-20T18:55:29.508917,0.25
2023-10-19T00:00:00,Exam,71.16086956521738,2025-03-20T18:55:29.201504,Demonstrate your mastery of the subject through this detailed examination. This exam focuses on Exam on Ancient Fundamentals.,2023-10-22T00:00:00,ASG125658,17.391304347826086,2,100.0,MOD700621,Exam on Ancient Fundamentals,23,2025-03-20T18:55:29.508917,0.3
2023-10-28T00:00:00,Homework,72.64782608695651,2025-03-20T18:55:29.201504,Apply what you've learned by completing these problems. This homework focuses on Ancient Fundamentals Homework 1.,2023-10-30T00:00:00,ASG849977,4.3478260869565215,3,100.0,MOD205213,Ancient Fundamentals Homework 1,23,2025-03-20T18:55:29.508917,0.2
2023-11-04T00:00:00,Participation,70.47391304347825,2025-03-20T18:55:29.201504,Contribute to class discussions and activities. This participation focuses on Participation on Research Applications.,2023-11-09T00:00:00,ASG468509,8.695652173913043,,100.0,MOD446551,Participation on Research Applications,23,2025-03-20T18:55:29.508917,0.1
2023-11-11T00:00:00,Quiz,69.41739130434782,2025-03-20T18:55:29.201504,A short quiz to test your understanding of key concepts. This quiz focuses on Theory Assessment 1.,2023-11-18T00:00:00,ASG699997,13.043478260869565,1,100.0,MOD873497,Theory Assessment 1,23,2025-03-20T18:55:29.508917,0.15
2023-11-21T00:00:00,Project,69.97391304347826,2025-03-20T18:55:29.201504,Develop a project that demonstrates your understanding of the material. This project focuses on Ancient Fundamentals.,2023-11-24T00:00:00,ASG491064,8.695652173913043,,100.0,MOD780340,Project 1: Ancient Fundamentals,23,2025-03-20T18:55:29.508917,0.25
2023-11-28T00:00:00,Quiz,69.32608695652173,2025-03-20T18:55:29.201504,This quiz covers the essential material from recent lessons. This quiz focuses on Quiz - Theory in Ancient Concepts.,2023-12-02T00:00:00,ASG680058,13.043478260869565,2,100.0,MOD341326,Quiz - Theory in Ancient Concepts,23,2025-03-20T18:55:29.508917,0.15
2023-12-08T00:00:00,Participation,72.27391304347826,2025-03-20T18:55:29.201504,Your active participation in class activities will be assessed. This participation focuses on Participation on Ancient Fundamentals.,2023-12-10T00:00:00,ASG183871,26.08695652173913,,100.0,MOD107090,Participation on Ancient Fundamentals,23,2025-03-20T18:55:29.508917,0.1
2023-12-07T00:00:00,Exam,70.86086956521739,2025-03-20T18:55:29.201504,This exam assesses your overall understanding of the material. This exam focuses on Ancient Fundamentals Exam 2.,2023-12-10T00:00:00,ASG858954,26.08695652173913,3,100.0,MOD107090,Ancient Fundamentals Exam 2,23,2025-03-20T18:55:29.508917,0.3
2023-12-16T00:00:00,Homework,72.27826086956522,2025-03-20T18:55:29.201504,Apply what you've learned by completing these problems. This homework focuses on Ancient Fundamentals Homework 1.,2023-12-20T00:00:00,ASG831341,13.043478260869565,1,100.0,MOD501120,Ancient Fundamentals Homework 1,23,2025-03-20T18:55:29.508917,0.2
2023-12-15T00:00:00,Exam,68.51304347826085,2025-03-20T18:55:29.201504,Demonstrate your mastery of the subject through this detailed examination. This exam focuses on Ancient Fundamentals.,2023-12-20T00:00:00,ASG461037,43.47826086956522,3,100.0,MOD501120,Exam 2: Ancient Fundamentals,23,2025-03-20T18:55:29.508917,0.3
2023-12-22T00:00:00,Project,72.96521739130436,2025-03-20T18:55:29.201504,Create a comprehensive solution that showcases your skills. This project focuses on Project - Research in Ancient Concepts.,2023-12-29T00:00:00,ASG630868,21.73913043478261,,100.0,MOD407750,Project - Research in Ancient Concepts,23,2025-03-20T18:55:29.508917,0.25
2023-12-22T00:00:00,Participation,72.23478260869565,2025-03-20T18:55:29.201504,Engage with the material through discussion and collaboration. This participation focuses on Research in Ancient Participation 2.,2023-12-30T00:00:00,ASG885944,26.08695652173913,,100.0,MOD407750,Research in Ancient Participation 2,23,2025-03-20T18:55:29.508917,0.1
2024-01-01T00:00:00,Quiz,71.06521739130436,2025-03-20T18:55:29.201504,This quiz covers the essential material from recent lessons. This quiz focuses on Quiz on Research in Ancient.,2024-01-06T00:00:00,ASG052217,17.391304347826086,3,100.0,MOD640490,Quiz on Research in Ancient,23,2025-03-20T18:55:29.508917,0.15
2023-12-31T00:00:00,Quiz,69.81304347826087,2025-03-20T18:55:29.201504,Complete this quiz to demonstrate your knowledge of basic concepts. This quiz focuses on Quiz on Research in Ancient.,2024-01-06T00:00:00,ASG757446,17.391304347826086,2,100.0,MOD640490,Quiz on Research in Ancient,23,2025-03-20T18:55:29.508917,0.15
2024-01-11T00:00:00,Homework,68.82608695652173,2025-03-20T18:55:29.201504,Apply what you've learned by completing these problems. This homework focuses on Homework on Practice Applications.,2024-01-13T00:00:00,ASG042730,8.695652173913043,4,100.0,MOD241104,Homework on Practice Applications,23,2025-03-20T18:55:29.508917,0.2
2024-01-09T00:00:00,Quiz,71.95652173913045,2025-03-20T18:55:29.201504,A short quiz to test your understanding of key concepts. This quiz focuses on Practice Applications Quiz 2.,2024-01-15T00:00:00,ASG977765,13.043478260869565,2,100.0,MOD241104,Practice Applications Quiz 2,23,2025-03-20T18:55:29.508917,0.15
2024-01-17T00:00:00,Quiz,69.70434782608696,2025-03-20T18:55:29.201504,This quiz covers the essential material from recent lessons. This quiz focuses on Research.,2024-01-18T00:00:00,ASG228629,4.3478260869565215,3,100.0,MOD418922,Quiz 1: Research,23,2025-03-20T18:55:29.508917,0.15
2024-02-11T00:00:00,Project,63.356249999999996,2025-03-20T18:55:29.201504,Develop a project that demonstrates your understanding of the material. This project focuses on Research in Biology Project 1.,2024-02-16T00:00:00,ASG485060,12.5,,100.0,MOD042035,Research in Biology Project 1,16,2025-03-20T18:55:29.508050,0.25
2024-02-11T00:00:00,Exam,67.2,2025-03-20T18:55:29.201504,Demonstrate your mastery of the subject through this detailed examination. This exam focuses on Research in Biology.,2024-02-15T00:00:00,ASG839491,12.5,1,100.0,MOD042035,Exam 2: Research in Biology,16,2025-03-20T18:55:29.508050,0.3
2024-02-20T00:00:00,Project,65.88125000000001,2025-03-20T18:55:29.201504,Create a comprehensive solution that showcases your skills. This project focuses on Research in Biology.,2024-02-22T00:00:00,ASG358103,12.5,,100.0,MOD186613,Project 1: Research in Biology,16,2025-03-20T18:55:29.508050,0.25
2024-02-28T00:00:00,Project,65.93124999999999,2025-03-20T18:55:29.201504,Create a comprehensive solution that showcases your skills. This project focuses on Project on Biology Project.,2024-03-04T00:00:00,ASG318580,31.25,,100.0,MOD455114,Project on Biology Project,16,2025-03-20T18:55:29.508050,0.25
2024-03-07T00:00:00,Project,64.20624999999998,2025-03-20T18:55:29.201504,Develop a project that demonstrates your understanding of the material. This project focuses on Biology Research Assessment 1.,2024-03-12T00:00:00,ASG111219,6.25,,100.0,MOD892939,Biology Research Assessment 1,16,2025-03-20T18:55:29.508050,0.25
2024-03-14T00:00:00,Homework,65.60625000000002,2025-03-20T18:55:29.201504,Apply what you've learned by completing these problems. This homework focuses on Biology Theory Homework 1.,2024-03-20T00:00:00,ASG776232,25.0,5,100.0,MOD450266,Biology Theory Homework 1,16,2025-03-20T18:55:29.508050,0.2
2024-03-14T00:00:00,Quiz,66.03125,2025-03-20T18:55:29.201504,A short quiz to test your understanding of key concepts. This quiz focuses on Biology Theory Quiz 2.,2024-03-19T00:00:00,ASG368337,12.5,2,100.0,MOD450266,Biology Theory Quiz 2,16,2025-03-20T18:55:29.508050,0.15
2024-03-23T00:00:00,Exam,65.81875,2025-03-20T18:55:29.201504,Demonstrate your mastery of the subject through this detailed examination. This exam focuses on Biology Fundamentals.,2024-03-26T00:00:00,ASG495785,12.5,2,100.0,MOD211212,Exam 1: Biology Fundamentals,16,2025-03-20T18:55:29.508050,0.3
2024-03-22T00:00:00,Exam,63.13125,2025-03-20T18:55:29.201504,A comprehensive exam covering all major topics in this module. This exam focuses on Biology Fundamentals.,2024-03-28T00:00:00,ASG450290,25.0,3,100.0,MOD211212,Exam 2: Biology Fundamentals,16,2025-03-20T18:55:29.508050,0.3
2024-03-30T00:00:00,Project,62.675,2025-03-20T18:55:29.201504,Create a comprehensive solution that showcases your skills. This project focuses on Discussion in Biology Project 1.,2024-04-04T00:00:00,ASG126574,25.0,,100.0,MOD543614,Discussion in Biology Project 1,16,2025-03-20T18:55:29.508050,0.25
2024-04-01T00:00:00,Homework,65.79374999999999,2025-03-20T18:55:29.201504,Apply what you've learned by completing these problems. This homework focuses on Homework on Discussion in Biology.,2024-04-06T00:00:00,ASG024883,25.0,4,100.0,MOD543614,Homework on Discussion in Biology,16,2025-03-20T18:55:29.508050,0.2
2024-04-07T00:00:00,Quiz,66.14375000000001,2025-03-20T18:55:29.201504,Complete this quiz to demonstrate your knowledge of basic concepts. This quiz focuses on Quiz - Practice Applications Concepts.,2024-04-13T00:00:00,ASG000765,12.5,3,100.0,MOD739282,Quiz - Practice Applications Concepts,16,2025-03-20T18:55:29.508050,0.15
2024-04-09T00:00:00,Exam,66.79375000000002,2025-03-20T18:55:29.201504,A comprehensive exam covering all major topics in this module. This exam focuses on Practice Applications.,2024-04-14T00:00:00,ASG992880,31.25,2,100.0,MOD739282,Exam 2: Practice Applications,16,2025-03-20T18:55:29.508050,0.3
2024-04-17T00:00:00,Homework,65.73125,2025-03-20T18:55:29.201504,Complete these exercises to reinforce your understanding. This homework focuses on Biology Discussion.,2024-04-23T00:00:00,ASG826223,18.75,3,100.0,MOD961605,Homework 1: Biology Discussion,16,2025-03-20T18:55:29.508050,0.2
2024-04-26T00:00:00,Quiz,65.475,2025-03-20T18:55:29.201504,A short quiz to test your understanding of key concepts. This quiz focuses on Quiz on Biology Fundamentals.,2024-05-01T00:00:00,ASG341003,12.5,2,100.0,MOD866075,Quiz on Biology Fundamentals,16,2025-03-20T18:55:29.508050,0.15
2024-04-25T00:00:00,Quiz,66.95,2025-03-20T18:55:29.201504,This quiz covers the essential material from recent lessons. This quiz focuses on Biology Fundamentals Assessment 2.,2024-04-30T00:00:00,ASG553127,18.75,1,100.0,MOD866075,Biology Fundamentals Assessment 2,16,2025-03-20T18:55:29.508050,0.15
2024-05-02T00:00:00,Exam,64.80000000000001,2025-03-20T18:55:29.201504,Demonstrate your mastery of the subject through this detailed examination. This exam focuses on Exam - Biology Practice Concepts.,2024-05-08T00:00:00,ASG263995,12.5,2,100.0,MOD175594,Exam - Biology Practice Concepts,16,2025-03-20T18:55:29.508050,0.3
2024-05-02T00:00:00,Homework,65.30625,2025-03-20T18:55:29.201504,Apply what you've learned by completing these problems. This homework focuses on Homework on Biology Practice.,2024-05-06T00:00:00,ASG385320,6.25,5,100.0,MOD175594,Homework on Biology Practice,16,2025-03-20T18:55:29.508050,0.2
2024-05-10T00:00:00,Participation,64.70625,2025-03-20T18:55:29.201504,Your active participation in class activities will be assessed. This participation focuses on Biology Discussion Assessment 1.,2024-05-19T00:00:00,ASG493761,12.5,,100.0,MOD369457,Biology Discussion Assessment 1,16,2025-03-20T18:55:29.508050,0.1
2024-05-21T00:00:00,Exam,65.475,2025-03-20T18:55:29.201504,A comprehensive exam covering all major topics in this module. This exam focuses on Biology Fundamentals Assessment 1.,2024-05-25T00:00:00,ASG062636,18.75,3,100.0,MOD728870,Biology Fundamentals Assessment 1,16,2025-03-20T18:55:29.508050,0.3
2024-05-29T00:00:00,Exam,64.94375000000001,2025-03-20T18:55:29.201504,Demonstrate your mastery of the subject through this detailed examination. This exam focuses on Exam on Discussion Applications.,2024-06-02T00:00:00,ASG766618,6.25,1,100.0,MOD826375,Exam on Discussion Applications,16,2025-03-20T18:55:29.508050,0.3
2024-05-30T00:00:00,Project,65.8125,2025-03-20T18:55:29.201504,This project allows you to apply concepts in a practical context. This project focuses on Discussion Applications Assessment 2.,2024-06-03T00:00:00,ASG144712,25.0,,100.0,MOD826375,Discussion Applications Assessment 2,16,2025-03-20T18:55:29.508050,0.25
2024-06-07T00:00:00,Participation,65.1,2025-03-20T18:55:29.201504,Your active participation in class activities will be assessed. This participation focuses on Practice Applications.,2024-06-09T00:00:00,ASG933857,6.25,,100.0,MOD149814,Participation 1: Practice Applications,16,2025-03-20T18:55:29.508050,0.1
2024-06-14T00:00:00,Participation,65.36250000000001,2025-03-20T18:55:29.201504,Engage with the material through discussion and collaboration. This participation focuses on Participation on Biology Fundamentals.,2024-06-19T00:00:00,ASG332718,12.5,,100.0,MOD207734,Participation on Biology Fundamentals,16,2025-03-20T18:55:29.508050,0.1
2024-06-14T00:00:00,Project,63.737500000000004,2025-03-20T18:55:29.201504,Create a comprehensive solution that showcases your skills. This project focuses on Biology Fundamentals Project 2.,2024-06-19T00:00:00,ASG212373,0.0,,100.0,MOD207734,Biology Fundamentals Project 2,16,2025-03-20T18:55:29.508050,0.25
2024-06-21T00:00:00,Project,65.35624999999999,2025-03-20T18:55:29.201504,Create a comprehensive solution that showcases your skills. This project focuses on Project - Practice Applications Concepts.,2024-06-27T00:00:00,ASG130271,0.0,,100.0,MOD983449,Project - Practice Applications Concepts,16,2025-03-20T18:55:29.508050,0.25
2023-09-12T00:00:00,Participation,68.72500000000001,2025-03-20T18:55:29.201504,Your active participation in class activities will be assessed. This participation focuses on Discussion in Cultural.,2023-09-17T00:00:00,ASG051459,25.0,,100.0,MOD393614,Participation 1: Discussion in Cultural,12,2025-03-20T18:55:29.510917,0.1
2023-09-14T00:00:00,Exam,67.96666666666668,2025-03-20T18:55:29.201504,Demonstrate your mastery of the subject through this detailed examination. This exam focuses on Discussion in Cultural Assessment 2.,2023-09-16T00:00:00,ASG307518,16.666666666666664,1,100.0,MOD393614,Discussion in Cultural Assessment 2,12,2025-03-20T18:55:29.510917,0.3
2023-09-22T00:00:00,Exam,69.23333333333333,2025-03-20T18:55:29.201504,A comprehensive exam covering all major topics in this module. This exam focuses on Practice Exam 1.,2023-09-26T00:00:00,ASG462057,8.333333333333332,3,100.0,MOD529960,Practice Exam 1,12,2025-03-20T18:55:29.510917,0.3
2023-09-30T00:00:00,Participation,68.43333333333334,2025-03-20T18:55:29.201504,Engage with the material through discussion and collaboration. This participation focuses on Participation - Cultural Fundamentals Concepts.,2023-10-06T00:00:00,ASG025179,16.666666666666664,,100.0,MOD132899,Participation - Cultural Fundamentals Concepts,12,2025-03-20T18:55:29.510917,0.1
2023-10-10T00:00:00,Participation,70.79166666666666,2025-03-20T18:55:29.201504,Engage with the material through discussion and collaboration. This participation focuses on Participation - Cultural Discussion Concepts.,2023-10-12T00:00:00,ASG837098,33.33333333333333,,100.0,MOD772704,Participation - Cultural Discussion Concepts,12,2025-03-20T18:55:29.510917,0.1
2023-10-18T00:00:00,Exam,67.95833333333333,2025-03-20T18:55:29.201504,This exam assesses your overall understanding of the material. This exam focuses on Practice Applications Exam 1.,2023-10-24T00:00:00,ASG761472,25.0,3,100.0,MOD720066,Practice Applications Exam 1,12,2025-03-20T18:55:29.510917,0.3
2023-10-18T00:00:00,Project,71.65,2025-03-20T18:55:29.201504,This project allows you to apply concepts in a practical context. This project focuses on Project on Practice Applications.,2023-10-23T00:00:00,ASG820376,8.333333333333332,,100.0,MOD720066,Project on Practice Applications,12,2025-03-20T18:55:29.510917,0.25
2023-10-27T00:00:00,Participation,71.1,2025-03-20T18:55:29.201504,Contribute to class discussions and activities. This participation focuses on Participation on Cultural Discussion.,2023-11-02T00:00:00,ASG230577,8.333333333333332,,100.0,MOD357231,Participation on Cultural Discussion,12,2025-03-20T18:55:29.510917,0.1
2023-10-27T00:00:00,Homework,71.24166666666666,2025-03-20T18:55:29.201504,Complete these exercises to reinforce your understanding. This homework focuses on Homework - Cultural Discussion Concepts.,2023-11-02T00:00:00,ASG580731,8.333333333333332,1,100.0,MOD357231,Homework - Cultural Discussion Concepts,12,2025-03-20T18:55:29.510917,0.2
2023-11-05T00:00:00,Participation,68.55833333333334,2025-03-20T18:55:29.201504,Your active participation in class activities will be assessed. This participation focuses on Cultural Discussion.,2023-11-08T00:00:00,ASG157934,16.666666666666664,,100.0,MOD951484,Participation 1: Cultural Discussion,12,2025-03-20T18:55:29.510917,0.1
2023-11-03T00:00:00,Project,70.10833333333332,2025-03-20T18:55:29.201504,Create a comprehensive solution that showcases your skills. This project focuses on Cultural Discussion.,2023-11-10T00:00:00,ASG046801,8.333333333333332,,100.0,MOD951484,Project 2: Cultural Discussion,12,2025-03-20T18:55:29.510917,0.25
2023-11-12T00:00:00,Homework,66.89999999999999,2025-03-20T18:55:29.201504,This homework assignment provides practice with key concepts. This homework focuses on Research in Cultural Assessment 1.,2023-11-18T00:00:00,ASG395450,16.666666666666664,1,100.0,MOD553877,Research in Cultural Assessment 1,12,2025-03-20T18:55:29.510917,0.2
2023-11-14T00:00:00,Homework,64.675,2025-03-20T18:55:29.201504,This homework assignment provides practice with key concepts. This homework focuses on Homework on Research in Cultural.,2023-11-16T00:00:00,ASG791744,33.33333333333333,3,100.0,MOD553877,Homework on Research in Cultural,12,2025-03-20T18:55:29.510917,0.2
2023-11-20T00:00:00,Project,73.05833333333334,2025-03-20T18:55:29.201504,This project allows you to apply concepts in a practical context. This project focuses on Cultural Fundamentals Assessment 1.,2023-11-21T00:00:00,ASG348465,0.0,,100.0,MOD405550,Cultural Fundamentals Assessment 1,12,2025-03-20T18:55:29.510917,0.25
2023-11-20T00:00:00,Exam,68.725,2025-03-20T18:55:29.201504,This exam assesses your overall understanding of the material. This exam focuses on Exam on Cultural Fundamentals.,2023-11-21T00:00:00,ASG672660,25.0,2,100.0,MOD405550,Exam on Cultural Fundamentals,12,2025-03-20T18:55:29.510917,0.3
2023-09-17T00:00:00,Participation,75.44615384615385,2025-03-20T18:55:29.201504,Your active participation in class activities will be assessed. This participation focuses on Project Assessment 1.,2023-09-21T00:00:00,ASG727681,7.6923076923076925,,100.0,MOD998543,Project Assessment 1,13,2025-03-20T18:55:29.510917,0.1
2023-09-24T00:00:00,Project,74.14615384615384,2025-03-20T18:55:29.201504,This project allows you to apply concepts in a practical context. This project focuses on Project Project 1.,2023-09-29T00:00:00,ASG623366,23.076923076923077,,100.0,MOD874547,Project Project 1,13,2025-03-20T18:55:29.510917,0.25
2023-09-24T00:00:00,Quiz,74.41538461538462,2025-03-20T18:55:29.201504,A short quiz to test your understanding of key concepts. This quiz focuses on Project.,2023-10-01T00:00:00,ASG346624,38.46153846153847,2,100.0,MOD874547,Quiz 2: Project,13,2025-03-20T18:55:29.510917,0.15
2023-10-04T00:00:00,Participation,73.5923076923077,2025-03-20T18:55:29.201504,Engage with the material through discussion and collaboration. This participation focuses on Participation on Algebra Project.,2023-10-06T00:00:00,ASG978057,0.0,,100.0,MOD966274,Participation on Algebra Project,13,2025-03-20T18:55:29.510917,0.1
2023-10-12T00:00:00,Exam,77.93846153846154,2025-03-20T18:55:29.201504,Demonstrate your mastery of the subject through this detailed examination. This exam focuses on Algebra Research Assessment 1.,2023-10-14T00:00:00,ASG867582,15.384615384615385,3,100.0,MOD386242,Algebra Research Assessment 1,13,2025-03-20T18:55:29.510917,0.3
2023-10-12T00:00:00,Exam,78.62307692307692,2025-03-20T18:55:29.201504,Demonstrate your mastery of the subject through this detailed examination. This exam focuses on Algebra Research Assessment 2.,2023-10-17T00:00:00,ASG406586,15.384615384615385,2,100.0,MOD386242,Algebra Research Assessment 2,13,2025-03-20T18:55:29.510917,0.3
2023-10-19T00:00:00,Exam,79.5076923076923,2025-03-20T18:55:29.201504,Demonstrate your mastery of the subject through this detailed examination. This exam focuses on Exam - Algebra Practice Concepts.,2023-10-25T00:00:00,ASG801766,7.6923076923076925,1,100.0,MOD140709,Exam - Algebra Practice Concepts,13,2025-03-20T18:55:29.510917,0.3
2023-10-20T00:00:00,Participation,78.8153846153846,2025-03-20T18:55:29.201504,Your active participation in class activities will be assessed. This participation focuses on Algebra Practice Participation 2.,2023-10-26T00:00:00,ASG914451,15.384615384615385,,100.0,MOD140709,Algebra Practice Participation 2,13,2025-03-20T18:55:29.510917,0.1
2023-10-29T00:00:00,Project,75.66923076923077,2025-03-20T18:55:29.201504,Create a comprehensive solution that showcases your skills. This project focuses on Algebra Research Assessment 1.,2023-11-02T00:00:00,ASG741131,15.384615384615385,,100.0,MOD437076,Algebra Research Assessment 1,13,2025-03-20T18:55:29.510917,0.25
2023-11-06T00:00:00,Participation,77.76153846153845,2025-03-20T18:55:29.201504,Contribute to class discussions and activities. This participation focuses on Participation on Research Applications.,2023-11-08T00:00:00,ASG369568,15.384615384615385,,100.0,MOD584442,Participation on Research Applications,13,2025-03-20T18:55:29.510917,0.1
2023-11-13T00:00:00,Exam,79.05384615384615,2025-03-20T18:55:29.201504,This exam assesses your overall understanding of the material. This exam focuses on Exam - Algebra Fundamentals Concepts.,2023-11-18T00:00:00,ASG109874,15.384615384615385,3,100.0,MOD991152,Exam - Algebra Fundamentals Concepts,13,2025-03-20T18:55:29.510917,0.3
2023-11-21T00:00:00,Exam,78.39999999999999,2025-03-20T18:55:29.201504,A comprehensive exam covering all major topics in this module. This exam focuses on Exam - Research in Algebra Concepts.,2023-11-25T00:00:00,ASG342550,7.6923076923076925,1,100.0,MOD906640,Exam - Research in Algebra Concepts,13,2025-03-20T18:55:29.510917,0.3
2023-11-20T00:00:00,Project,79.06923076923077,2025-03-20T18:55:29.201504,Create a comprehensive solution that showcases your skills. This project focuses on Research in Algebra.,2023-11-27T00:00:00,ASG328635,30.76923076923077,,100.0,MOD906640,Project 2: Research in Algebra,13,2025-03-20T18:55:29.510917,0.25
2023-11-29T00:00:00,Homework,76.26153846153846,2025-03-20T18:55:29.201504,Apply what you've learned by completing these problems. This homework focuses on Homework - Theory Concepts.,2023-12-05T00:00:00,ASG218217,7.6923076923076925,1,100.0,MOD601651,Homework - Theory Concepts,13,2025-03-20T18:55:29.510917,0.2
2023-12-09T00:00:00,Project,75.9846153846154,2025-03-20T18:55:29.201504,This project allows you to apply concepts in a practical context. This project focuses on Project - Theory Applications Concepts.,2023-12-12T00:00:00,ASG403461,23.076923076923077,,100.0,MOD016410,Project - Theory Applications Concepts,13,2025-03-20T18:55:29.510917,0.25
2023-12-08T00:00:00,Homework,78.54615384615384,2025-03-20T18:55:29.201504,Apply what you've learned by completing these problems. This homework focuses on Theory Applications Homework 2.,2023-12-15T00:00:00,ASG544844,0.0,4,100.0,MOD016410,Theory Applications Homework 2,13,2025-03-20T18:55:29.510917,0.2
2023-12-18T00:00:00,Homework,75.63076923076923,2025-03-20T18:55:29.201504,This homework assignment provides practice with key concepts. This homework focuses on Homework on Research in Algebra.,2023-12-22T00:00:00,ASG861004,7.6923076923076925,1,100.0,MOD637265,Homework on Research in Algebra,13,2025-03-20T18:55:29.510917,0.2
2023-12-18T00:00:00,Project,76.8692307692308,2025-03-20T18:55:29.201504,Develop a project that demonstrates your understanding of the material. This project focuses on Research in Algebra.,2023-12-21T00:00:00,ASG904119,0.0,,100.0,MOD637265,Project 2: Research in Algebra,13,2025-03-20T18:55:29.510917,0.25
2023-12-26T00:00:00,Quiz,73.8923076923077,2025-03-20T18:55:29.201504,Complete this quiz to demonstrate your knowledge of basic concepts. This quiz focuses on Quiz - Discussion Concepts.,2023-12-29T00:00:00,ASG068027,15.384615384615385,1,100.0,MOD350143,Quiz - Discussion Concepts,13,2025-03-20T18:55:29.510917,0.15
2023-12-26T00:00:00,Homework,78.36923076923077,2025-03-20T18:55:29.201504,Complete these exercises to reinforce your understanding. This homework focuses on Homework on Discussion.,2023-12-29T00:00:00,ASG827708,7.6923076923076925,1,100.0,MOD350143,Homework on Discussion,13,2025-03-20T18:55:29.510917,0.2
2024-01-03T00:00:00,Exam,78.4846153846154,2025-03-20T18:55:29.201504,Demonstrate your mastery of the subject through this detailed examination. This exam focuses on Algebra Practice Assessment 1.,2024-01-04T00:00:00,ASG961497,7.6923076923076925,2,100.0,MOD568013,Algebra Practice Assessment 1,13,2025-03-20T18:55:29.510917,0.3
2024-01-03T00:00:00,Participation,76.2076923076923,2025-03-20T18:55:29.202505,Your active participation in class activities will be assessed. This participation focuses on Algebra Practice.,2024-01-04T00:00:00,ASG895099,7.6923076923076925,,100.0,MOD568013,Participation 2: Algebra Practice,13,2025-03-20T18:55:29.510917,0.1
2024-02-09T00:00:00,Participation,76.14545454545454,2025-03-20T18:55:29.202505,Contribute to class discussions and activities. This participation focuses on Participation on Health Fundamentals.,2024-02-13T00:00:00,ASG224221,9.090909090909092,,100.0,MOD046215,Participation on Health Fundamentals,22,2025-03-20T18:55:29.508917,0.1
2024-02-07T00:00:00,Quiz,75.45909090909089,2025-03-20T18:55:29.202505,This quiz covers the essential material from recent lessons. This quiz focuses on Health Fundamentals Assessment 2.,2024-02-13T00:00:00,ASG869026,18.181818181818183,1,100.0,MOD046215,Health Fundamentals Assessment 2,22,2025-03-20T18:55:29.508917,0.15
2024-02-16T00:00:00,Homework,73.8,2025-03-20T18:55:29.202505,Complete these exercises to reinforce your understanding. This homework focuses on Homework on Health Fundamentals.,2024-02-21T00:00:00,ASG683122,18.181818181818183,3,100.0,MOD568762,Homework on Health Fundamentals,22,2025-03-20T18:55:29.508917,0.2
2024-02-25T00:00:00,Project,72.85454545454546,2025-03-20T18:55:29.202505,Develop a project that demonstrates your understanding of the material. This project focuses on Health Discussion.,2024-02-28T00:00:00,ASG437553,18.181818181818183,,100.0,MOD316701,Project 1: Health Discussion,22,2025-03-20T18:55:29.508917,0.25
2024-02-26T00:00:00,Exam,73.44090909090909,2025-03-20T18:55:29.202505,A comprehensive exam covering all major topics in this module. This exam focuses on Health Discussion Assessment 2.,2024-03-02T00:00:00,ASG797066,27.27272727272727,2,100.0,MOD316701,Health Discussion Assessment 2,22,2025-03-20T18:55:29.508917,0.3
2024-03-04T00:00:00,Participation,74.31818181818181,2025-03-20T18:55:29.202505,Contribute to class discussions and activities. This participation focuses on Health Fundamentals.,2024-03-09T00:00:00,ASG945226,13.636363636363635,,100.0,MOD301130,Participation 1: Health Fundamentals,22,2025-03-20T18:55:29.508917,0.1
2024-03-11T00:00:00,Project,73.21363636363635,2025-03-20T18:55:29.202505,This project allows you to apply concepts in a practical context. This project focuses on Research.,2024-03-19T00:00:00,ASG455713,13.636363636363635,,100.0,MOD627987,Project 1: Research,22,2025-03-20T18:55:29.508917,0.25
2024-03-11T00:00:00,Participation,73.70000000000002,2025-03-20T18:55:29.202505,Engage with the material through discussion and collaboration. This participation focuses on Participation - Research Concepts.,2024-03-16T00:00:00,ASG768196,13.636363636363635,,100.0,MOD627987,Participation - Research Concepts,22,2025-03-20T18:55:29.508917,0.1
2024-03-21T00:00:00,Project,75.32727272727271,2025-03-20T18:55:29.202505,Create a comprehensive solution that showcases your skills. This project focuses on Project - Health Research Concepts.,2024-03-25T00:00:00,ASG002871,9.090909090909092,,100.0,MOD704539,Project - Health Research Concepts,22,2025-03-20T18:55:29.508917,0.25
2024-03-31T00:00:00,Participation,72.94999999999999,2025-03-20T18:55:29.202505,Contribute to class discussions and activities. This participation focuses on Health Discussion Assessment 1.,2024-04-03T00:00:00,ASG828339,22.727272727272727,,100.0,MOD251067,Health Discussion Assessment 1,22,2025-03-20T18:55:29.508917,0.1
2024-04-06T00:00:00,Participation,73.30454545454543,2025-03-20T18:55:29.202505,Your active participation in class activities will be assessed. This participation focuses on Practice Assessment 1.,2024-04-12T00:00:00,ASG141293,18.181818181818183,,100.0,MOD883264,Practice Assessment 1,22,2025-03-20T18:55:29.508917,0.1
2024-04-07T00:00:00,Quiz,74.75454545454546,2025-03-20T18:55:29.202505,A short quiz to test your understanding of key concepts. This quiz focuses on Practice Quiz 2.,2024-04-12T00:00:00,ASG773401,18.181818181818183,2,100.0,MOD883264,Practice Quiz 2,22,2025-03-20T18:55:29.508917,0.15
2024-04-14T00:00:00,Quiz,73.83181818181818,2025-03-20T18:55:29.202505,This quiz covers the essential material from recent lessons. This quiz focuses on Project in Health Assessment 1.,2024-04-19T00:00:00,ASG441394,13.636363636363635,1,100.0,MOD186732,Project in Health Assessment 1,22,2025-03-20T18:55:29.508917,0.15
2024-04-15T00:00:00,Participation,71.75454545454545,2025-03-20T18:55:29.202505,Contribute to class discussions and activities. This participation focuses on Project in Health.,2024-04-20T00:00:00,ASG185581,9.090909090909092,,100.0,MOD186732,Participation 2: Project in Health,22,2025-03-20T18:55:29.508917,0.1
2024-04-23T00:00:00,Project,71.91363636363636,2025-03-20T18:55:29.202505,Create a comprehensive solution that showcases your skills. This project focuses on Project on Practice Applications.,2024-04-26T00:00:00,ASG357515,22.727272727272727,,100.0,MOD307697,Project on Practice Applications,22,2025-03-20T18:55:29.508917,0.25
2024-05-01T00:00:00,Participation,73.57727272727271,2025-03-20T18:55:29.202505,Engage with the material through discussion and collaboration. This participation focuses on Discussion Applications.,2024-05-06T00:00:00,ASG848474,18.181818181818183,,100.0,MOD720874,Participation 1: Discussion Applications,22,2025-03-20T18:55:29.508917,0.1
2024-05-01T00:00:00,Exam,73.73181818181818,2025-03-20T18:55:29.202505,Demonstrate your mastery of the subject through this detailed examination. This exam focuses on Exam on Discussion Applications.,2024-05-06T00:00:00,ASG180749,18.181818181818183,1,100.0,MOD720874,Exam on Discussion Applications,22,2025-03-20T18:55:29.508917,0.3
2024-05-11T00:00:00,Project,73.05909090909091,2025-03-20T18:55:29.202505,Create a comprehensive solution that showcases your skills. This project focuses on Health Fundamentals Assessment 1.,2024-05-13T00:00:00,ASG239839,13.636363636363635,,100.0,MOD424630,Health Fundamentals Assessment 1,22,2025-03-20T18:55:29.508917,0.25
2024-05-10T00:00:00,Quiz,73.26818181818182,2025-03-20T18:55:29.202505,Complete this quiz to demonstrate your knowledge of basic concepts. This quiz focuses on Health Fundamentals Quiz 2.,2024-05-14T00:00:00,ASG817373,9.090909090909092,2,100.0,MOD424630,Health Fundamentals Quiz 2,22,2025-03-20T18:55:29.508917,0.15
2024-05-17T00:00:00,Exam,76.54090909090911,2025-03-20T18:55:29.202505,Demonstrate your mastery of the subject through this detailed examination. This exam focuses on Health Fundamentals Assessment 1.,2024-05-21T00:00:00,ASG119568,9.090909090909092,3,100.0,MOD748282,Health Fundamentals Assessment 1,22,2025-03-20T18:55:29.508917,0.3
2024-05-17T00:00:00,Exam,71.30000000000001,2025-03-20T18:55:29.202505,Demonstrate your mastery of the subject through this detailed examination. This exam focuses on Health Fundamentals Assessment 2.,2024-05-21T00:00:00,ASG593331,22.727272727272727,3,100.0,MOD748282,Health Fundamentals Assessment 2,22,2025-03-20T18:55:29.508917,0.3
2023-09-17T00:00:00,Project,74.90000000000002,2025-03-20T18:55:29.202505,This project allows you to apply concepts in a practical context. This project focuses on Project - Project in Anthropology Concepts.,2023-09-21T00:00:00,ASG338293,18.181818181818183,,100.0,MOD841790,Project - Project in Anthropology Concepts,22,2025-03-20T18:55:29.648120,0.25
2023-09-25T00:00:00,Exam,74.72272727272728,2025-03-20T18:55:29.202505,This exam assesses your overall understanding of the material. This exam focuses on Project Exam 1.,2023-09-28T00:00:00,ASG180584,13.636363636363635,3,100.0,MOD160018,Project Exam 1,22,2025-03-20T18:55:29.648120,0.3
2023-10-03T00:00:00,Participation,75.68181818181819,2025-03-20T18:55:29.202505,Your active participation in class activities will be assessed. This participation focuses on Participation - Project Applications Concepts.,2023-10-08T00:00:00,ASG855006,9.090909090909092,,100.0,MOD538193,Participation - Project Applications Concepts,22,2025-03-20T18:55:29.648120,0.1
2023-10-01T00:00:00,Quiz,76.24545454545455,2025-03-20T18:55:29.202505,This quiz covers the essential material from recent lessons. This quiz focuses on Project Applications Assessment 2.,2023-10-08T00:00:00,ASG479268,18.181818181818183,3,100.0,MOD538193,Project Applications Assessment 2,22,2025-03-20T18:55:29.648120,0.15
2023-10-11T00:00:00,Participation,73.90454545454544,2025-03-20T18:55:29.202505,Your active participation in class activities will be assessed. This participation focuses on Participation on Anthropology Fundamentals.,2023-10-16T00:00:00,ASG361089,18.181818181818183,,100.0,MOD141047,Participation on Anthropology Fundamentals,22,2025-03-20T18:55:29.648120,0.1
2023-10-17T00:00:00,Quiz,73.93181818181819,2025-03-20T18:55:29.202505,A short quiz to test your understanding of key concepts. This quiz focuses on Quiz - Theory in Anthropology Concepts.,2023-10-22T00:00:00,ASG363072,22.727272727272727,1,100.0,MOD421297,Quiz - Theory in Anthropology Concepts,22,2025-03-20T18:55:29.648120,0.15
2023-10-19T00:00:00,Project,76.25454545454545,2025-03-20T18:55:29.202505,This project allows you to apply concepts in a practical context. This project focuses on Theory in Anthropology.,2023-10-24T00:00:00,ASG056150,13.636363636363635,,100.0,MOD421297,Project 2: Theory in Anthropology,22,2025-03-20T18:55:29.648120,0.25
2023-10-26T00:00:00,Project,75.25454545454545,2025-03-20T18:55:29.202505,Develop a project that demonstrates your understanding of the material. This project focuses on Project Applications Assessment 1.,2023-10-30T00:00:00,ASG605835,9.090909090909092,,100.0,MOD860947,Project Applications Assessment 1,22,2025-03-20T18:55:29.648120,0.25
2023-11-04T00:00:00,Project,75.37272727272726,2025-03-20T18:55:29.202505,This project allows you to apply concepts in a practical context. This project focuses on Project on Project.,2023-11-07T00:00:00,ASG743532,18.181818181818183,,100.0,MOD499799,Project on Project,22,2025-03-20T18:55:29.648120,0.25
2023-11-11T00:00:00,Exam,73.60454545454546,2025-03-20T18:55:29.202505,This exam assesses your overall understanding of the material. This exam focuses on Anthropology Fundamentals Assessment 1.,2023-11-15T00:00:00,ASG134107,22.727272727272727,3,100.0,MOD806987,Anthropology Fundamentals Assessment 1,22,2025-03-20T18:55:29.648120,0.3
2023-11-18T00:00:00,Project,74.98636363636363,2025-03-20T18:55:29.202505,Create a comprehensive solution that showcases your skills. This project focuses on Anthropology Project Project 1.,2023-11-25T00:00:00,ASG289320,4.545454545454546,,100.0,MOD185608,Anthropology Project Project 1,22,2025-03-20T18:55:29.648120,0.25
2023-11-27T00:00:00,Exam,74.7772727272727,2025-03-20T18:55:29.202505,A comprehensive exam covering all major topics in this module. This exam focuses on Practice Exam 1.,2023-12-01T00:00:00,ASG531186,13.636363636363635,2,100.0,MOD839885,Practice Exam 1,22,2025-03-20T18:55:29.648120,0.3
2023-12-04T00:00:00,Participation,72.26818181818183,2025-03-20T18:55:29.202505,Engage with the material through discussion and collaboration. This participation focuses on Project Participation 1.,2023-12-11T00:00:00,ASG394560,18.181818181818183,,100.0,MOD778257,Project Participation 1,22,2025-03-20T18:55:29.648120,0.1
2023-12-05T00:00:00,Project,75.26363636363637,2025-03-20T18:55:29.202505,This project allows you to apply concepts in a practical context. This project focuses on Project on Project.,2023-12-08T00:00:00,ASG046910,22.727272727272727,,100.0,MOD778257,Project on Project,22,2025-03-20T18:55:29.648120,0.25
2023-12-13T00:00:00,Homework,73.98181818181817,2025-03-20T18:55:29.202505,Complete these exercises to reinforce your understanding. This homework focuses on Anthropology Fundamentals Assessment 1.,2023-12-17T00:00:00,ASG836329,13.636363636363635,1,100.0,MOD533192,Anthropology Fundamentals Assessment 1,22,2025-03-20T18:55:29.648120,0.2
2023-12-21T00:00:00,Quiz,76.01363636363637,2025-03-20T18:55:29.202505,A short quiz to test your understanding of key concepts. This quiz focuses on Quiz on Anthropology Fundamentals.,2023-12-22T00:00:00,ASG773500,18.181818181818183,2,100.0,MOD118909,Quiz on Anthropology Fundamentals,22,2025-03-20T18:55:29.648120,0.15
2023-09-06T00:00:00,Project,75.33461538461539,2025-03-20T18:55:29.202505,Create a comprehensive solution that showcases your skills. This project focuses on Project - Theory in Photography Concepts.,2023-09-11T00:00:00,ASG915777,19.230769230769234,,100.0,MOD954605,Project - Theory in Photography Concepts,26,2025-03-20T18:55:29.648120,0.25
2023-09-17T00:00:00,Exam,77.7576923076923,2025-03-20T18:55:29.202505,Demonstrate your mastery of the subject through this detailed examination. This exam focuses on Exam on Discussion Applications.,2023-09-23T00:00:00,ASG503208,3.8461538461538463,3,100.0,MOD080466,Exam on Discussion Applications,26,2025-03-20T18:55:29.648120,0.3
2023-09-26T00:00:00,Participation,78.06153846153846,2025-03-20T18:55:29.202505,Contribute to class discussions and activities. This participation focuses on Photography Research Assessment 1.,2023-10-01T00:00:00,ASG962368,3.8461538461538463,,100.0,MOD252180,Photography Research Assessment 1,26,2025-03-20T18:55:29.648120,0.1
2023-10-03T00:00:00,Quiz,75.05769230769232,2025-03-20T18:55:29.202505,This quiz covers the essential material from recent lessons. This quiz focuses on Photography Theory Assessment 1.,2023-10-07T00:00:00,ASG411068,19.230769230769234,2,100.0,MOD944573,Photography Theory Assessment 1,26,2025-03-20T18:55:29.648120,0.15
2023-10-03T00:00:00,Homework,76.88461538461539,2025-03-20T18:55:29.202505,This homework assignment provides practice with key concepts. This homework focuses on Photography Theory Homework 2.,2023-10-09T00:00:00,ASG258607,7.6923076923076925,5,100.0,MOD944573,Photography Theory Homework 2,26,2025-03-20T18:55:29.648120,0.2
2023-10-10T00:00:00,Participation,77.01538461538462,2025-03-20T18:55:29.202505,Your active participation in class activities will be assessed. This participation focuses on Theory Applications Assessment 1.,2023-10-16T00:00:00,ASG752158,30.76923076923077,,100.0,MOD575883,Theory Applications Assessment 1,26,2025-03-20T18:55:29.648120,0.1
2023-10-19T00:00:00,Quiz,77.33461538461538,2025-03-20T18:55:29.202505,This quiz covers the essential material from recent lessons. This quiz focuses on Quiz on Photography Fundamentals.,2023-10-27T00:00:00,ASG783761,15.384615384615385,3,100.0,MOD415310,Quiz on Photography Fundamentals,26,2025-03-20T18:55:29.648120,0.15
2023-10-21T00:00:00,Participation,77.00000000000001,2025-03-20T18:55:29.202505,Your active participation in class activities will be assessed. This participation focuses on Photography Fundamentals Assessment 2.,2023-10-27T00:00:00,ASG806305,30.76923076923077,,100.0,MOD415310,Photography Fundamentals Assessment 2,26,2025-03-20T18:55:29.648120,0.1
2023-10-28T00:00:00,Quiz,77.13076923076922,2025-03-20T18:55:29.202505,Complete this quiz to demonstrate your knowledge of basic concepts. This quiz focuses on Quiz - Photography Research Concepts.,2023-11-06T00:00:00,ASG662838,3.8461538461538463,1,100.0,MOD391012,Quiz - Photography Research Concepts,26,2025-03-20T18:55:29.648120,0.15
2023-11-08T00:00:00,Quiz,75.80384615384615,2025-03-20T18:55:29.202505,A short quiz to test your understanding of key concepts. This quiz focuses on Theory in Photography Assessment 1.,2023-11-14T00:00:00,ASG891948,7.6923076923076925,2,100.0,MOD128984,Theory in Photography Assessment 1,26,2025-03-20T18:55:29.648120,0.15
2023-11-09T00:00:00,Project,77.54615384615384,2025-03-20T18:55:29.202505,Develop a project that demonstrates your understanding of the material. This project focuses on Project - Theory in Photography Concepts.,2023-11-12T00:00:00,ASG660544,15.384615384615385,,100.0,MOD128984,Project - Theory in Photography Concepts,26,2025-03-20T18:55:29.648120,0.25
2024-02-11T00:00:00,Project,74.97000000000001,2025-03-20T18:55:29.202505,Create a comprehensive solution that showcases your skills. This project focuses on Project - Discussion Applications Concepts.,2024-02-19T00:00:00,ASG608335,16.666666666666664,,100.0,MOD403144,Project - Discussion Applications Concepts,30,2025-03-20T18:55:29.645430,0.25
2024-02-12T00:00:00,Homework,74.07,2025-03-20T18:55:29.202505,Apply what you've learned by completing these problems. This homework focuses on Homework on Discussion Applications.,2024-02-19T00:00:00,ASG641238,20.0,2,100.0,MOD403144,Homework on Discussion Applications,30,2025-03-20T18:55:29.645430,0.2
2024-02-22T00:00:00,Homework,73.02666666666667,2025-03-20T18:55:29.202505,This homework assignment provides practice with key concepts. This homework focuses on Theory Applications Homework 1.,2024-03-03T00:00:00,ASG869055,26.666666666666668,2,100.0,MOD339551,Theory Applications Homework 1,30,2025-03-20T18:55:29.645430,0.2
2024-03-10T00:00:00,Homework,73.34666666666665,2025-03-20T18:55:29.202505,Apply what you've learned by completing these problems. This homework focuses on Homework - Sociology Discussion Concepts.,2024-03-20T00:00:00,ASG048082,6.666666666666667,2,100.0,MOD748129,Homework - Sociology Discussion Concepts,30,2025-03-20T18:55:29.645430,0.2
2024-03-24T00:00:00,Exam,74.29333333333335,2025-03-20T18:55:29.202505,This exam assesses your overall understanding of the material. This exam focuses on Exam on Sociology Fundamentals.,2024-04-03T00:00:00,ASG853171,10.0,2,100.0,MOD017756,Exam on Sociology Fundamentals,30,2025-03-20T18:55:29.645430,0.3
2024-04-05T00:00:00,Exam,74.01333333333332,2025-03-20T18:55:29.202505,Demonstrate your mastery of the subject through this detailed examination. This exam focuses on Exam on Theory Applications.,2024-04-16T00:00:00,ASG705280,20.0,2,100.0,MOD883546,Exam on Theory Applications,30,2025-03-20T18:55:29.645430,0.3
2024-04-18T00:00:00,Participation,74.4,2025-03-20T18:55:29.202505,Engage with the material through discussion and collaboration. This participation focuses on Participation - Theory in Sociology Concepts.,2024-04-27T00:00:00,ASG619701,20.0,,100.0,MOD569357,Participation - Theory in Sociology Concepts,30,2025-03-20T18:55:29.646933,0.1
2024-05-07T00:00:00,Quiz,73.64,2025-03-20T18:55:29.202505,Complete this quiz to demonstrate your knowledge of basic concepts. This quiz focuses on Discussion in Sociology Assessment 1.,2024-05-17T00:00:00,ASG749515,20.0,1,100.0,MOD947422,Discussion in Sociology Assessment 1,30,2025-03-20T18:55:29.646933,0.15
2024-05-02T00:00:00,Project,73.39333333333333,2025-03-20T18:55:29.202505,Develop a project that demonstrates your understanding of the material. This project focuses on Discussion in Sociology Project 2.,2024-05-16T00:00:00,ASG985165,20.0,,100.0,MOD947422,Discussion in Sociology Project 2,30,2025-03-20T18:55:29.646933,0.25
2024-05-22T00:00:00,Quiz,75.84333333333332,2025-03-20T18:55:29.202505,Complete this quiz to demonstrate your knowledge of basic concepts. This quiz focuses on Discussion Applications Assessment 1.,2024-06-03T00:00:00,ASG502814,10.0,2,100.0,MOD047640,Discussion Applications Assessment 1,30,2025-03-20T18:55:29.646933,0.15
2023-09-07T00:00:00,Participation,71.51785714285714,2025-03-20T18:55:29.202505,Engage with the material through discussion and collaboration. This participation focuses on Project in Horticulture Assessment 1.,2023-09-13T00:00:00,ASG404837,25.0,,100.0,MOD295075,Project in Horticulture Assessment 1,28,2025-03-20T18:55:29.650121,0.1
2023-09-07T00:00:00,Homework,70.5,2025-03-20T18:55:29.202505,Complete these exercises to reinforce your understanding. This homework focuses on Project in Horticulture Assessment 2.,2023-09-13T00:00:00,ASG950215,14.285714285714285,5,100.0,MOD295075,Project in Horticulture Assessment 2,28,2025-03-20T18:55:29.650121,0.2
2023-09-15T00:00:00,Quiz,70.38928571428572,2025-03-20T18:55:29.202505,A short quiz to test your understanding of key concepts. This quiz focuses on Horticulture Fundamentals Assessment 1.,2023-09-20T00:00:00,ASG297629,21.428571428571427,1,100.0,MOD514693,Horticulture Fundamentals Assessment 1,28,2025-03-20T18:55:29.650121,0.15
2023-09-25T00:00:00,Project,72.83214285714286,2025-03-20T18:55:29.202505,Develop a project that demonstrates your understanding of the material. This project focuses on Horticulture Practice.,2023-09-30T00:00:00,ASG265924,7.142857142857142,,100.0,MOD171121,Project 1: Horticulture Practice,28,2025-03-20T18:55:29.650121,0.25
2023-10-04T00:00:00,Homework,72.175,2025-03-20T18:55:29.202505,Apply what you've learned by completing these problems. This homework focuses on Homework on Theory Applications.,2023-10-07T00:00:00,ASG941135,14.285714285714285,5,100.0,MOD876730,Homework on Theory Applications,28,2025-03-20T18:55:29.650121,0.2
2023-10-10T00:00:00,Participation,71.5,2025-03-20T18:55:29.202505,Engage with the material through discussion and collaboration. This participation focuses on Discussion Assessment 1.,2023-10-17T00:00:00,ASG102464,14.285714285714285,,100.0,MOD023308,Discussion Assessment 1,28,2025-03-20T18:55:29.650121,0.1
2023-10-10T00:00:00,Homework,72.65714285714287,2025-03-20T18:55:29.202505,Complete these exercises to reinforce your understanding. This homework focuses on Homework on Discussion.,2023-10-17T00:00:00,ASG933087,10.714285714285714,2,100.0,MOD023308,Homework on Discussion,28,2025-03-20T18:55:29.650121,0.2
2023-10-19T00:00:00,Project,71.26071428571429,2025-03-20T18:55:29.202505,Develop a project that demonstrates your understanding of the material. This project focuses on Project on Project Applications.,2023-10-24T00:00:00,ASG027096,14.285714285714285,,100.0,MOD728660,Project on Project Applications,28,2025-03-20T18:55:29.650121,0.25
2023-10-27T00:00:00,Quiz,72.01785714285715,2025-03-20T18:55:29.202505,A short quiz to test your understanding of key concepts. This quiz focuses on Quiz - Research in Horticulture Concepts.,2023-11-01T00:00:00,ASG457039,28.57142857142857,1,100.0,MOD599391,Quiz - Research in Horticulture Concepts,28,2025-03-20T18:55:29.650121,0.15
2023-11-06T00:00:00,Exam,71.91428571428571,2025-03-20T18:55:29.202505,Demonstrate your mastery of the subject through this detailed examination. This exam focuses on Theory Exam 1.,2023-11-11T00:00:00,ASG648478,17.857142857142858,3,100.0,MOD927954,Theory Exam 1,28,2025-03-20T18:55:29.650121,0.3
2023-11-12T00:00:00,Participation,70.70357142857145,2025-03-20T18:55:29.202505,Contribute to class discussions and activities. This participation focuses on Theory Applications.,2023-11-15T00:00:00,ASG269947,28.57142857142857,,100.0,MOD732178,Participation 1: Theory Applications,28,2025-03-20T18:55:29.650121,0.1
2023-09-17T00:00:00,Homework,73.35000000000001,2025-03-20T18:55:29.202505,Complete these exercises to reinforce your understanding. This homework focuses on Homework - Research Concepts.,2023-09-23T00:00:00,ASG911923,6.25,3,100.0,MOD506422,Homework - Research Concepts,16,2025-03-20T18:55:29.631159,0.2
2023-09-15T00:00:00,Project,76.60625,2025-03-20T18:55:29.202505,This project allows you to apply concepts in a practical context. This project focuses on Project on Research.,2023-09-23T00:00:00,ASG644887,0.0,,100.0,MOD506422,Project on Research,16,2025-03-20T18:55:29.631159,0.25
2023-09-25T00:00:00,Homework,72.4875,2025-03-20T18:55:29.202505,Complete these exercises to reinforce your understanding. This homework focuses on Discussion Applications.,2023-10-01T00:00:00,ASG615079,18.75,5,100.0,MOD705116,Homework 1: Discussion Applications,16,2025-03-20T18:55:29.631159,0.2
2023-10-02T00:00:00,Exam,74.075,2025-03-20T18:55:29.202505,Demonstrate your mastery of the subject through this detailed examination. This exam focuses on Research Applications Assessment 1.,2023-10-06T00:00:00,ASG299058,6.25,2,100.0,MOD297000,Research Applications Assessment 1,16,2025-03-20T18:55:29.631159,0.3
2023-10-02T00:00:00,Quiz,71.45,2025-03-20T18:55:29.202505,A short quiz to test your understanding of key concepts. This quiz focuses on Research Applications Quiz 2.,2023-10-07T00:00:00,ASG649547,18.75,3,100.0,MOD297000,Research Applications Quiz 2,16,2025-03-20T18:55:29.631159,0.15
2023-10-12T00:00:00,Homework,73.49999999999999,2025-03-20T18:55:29.202505,This homework assignment provides practice with key concepts. This homework focuses on Introduction Fundamentals Assessment 1.,2023-10-19T00:00:00,ASG839376,12.5,2,100.0,MOD701945,Introduction Fundamentals Assessment 1,16,2025-03-20T18:55:29.631159,0.2
2023-10-12T00:00:00,Participation,74.56875,2025-03-20T18:55:29.202505,Engage with the material through discussion and collaboration. This participation focuses on Introduction Fundamentals Participation 2.,2023-10-17T00:00:00,ASG189364,6.25,,100.0,MOD701945,Introduction Fundamentals Participation 2,16,2025-03-20T18:55:29.631159,0.1
2023-10-22T00:00:00,Quiz,74.4875,2025-03-20T18:55:29.202505,A short quiz to test your understanding of key concepts. This quiz focuses on Quiz - Research Applications Concepts.,2023-10-28T00:00:00,ASG475002,25.0,1,100.0,MOD304850,Quiz - Research Applications Concepts,16,2025-03-20T18:55:29.631159,0.15
2023-10-29T00:00:00,Project,74.60000000000001,2025-03-20T18:55:29.202505,This project allows you to apply concepts in a practical context. This project focuses on Practice Applications.,2023-11-03T00:00:00,ASG352771,6.25,,100.0,MOD981770,Project 1: Practice Applications,16,2025-03-20T18:55:29.631159,0.25
2023-10-29T00:00:00,Quiz,73.84375,2025-03-20T18:55:29.202505,This quiz covers the essential material from recent lessons. This quiz focuses on Quiz on Practice Applications.,2023-11-05T00:00:00,ASG738853,18.75,3,100.0,MOD981770,Quiz on Practice Applications,16,2025-03-20T18:55:29.631159,0.15
2023-11-06T00:00:00,Project,77.50625000000001,2025-03-20T18:55:29.202505,This project allows you to apply concepts in a practical context. This project focuses on Introduction Project Assessment 1.,2023-11-12T00:00:00,ASG449549,12.5,,100.0,MOD183191,Introduction Project Assessment 1,16,2025-03-20T18:55:29.631159,0.25
2023-11-08T00:00:00,Project,75.19375000000001,2025-03-20T18:55:29.202505,This project allows you to apply concepts in a practical context. This project focuses on Introduction Project Assessment 2.,2023-11-11T00:00:00,ASG521635,18.75,,100.0,MOD183191,Introduction Project Assessment 2,16,2025-03-20T18:55:29.631159,0.25
2023-11-14T00:00:00,Exam,73.50625000000001,2025-03-20T18:55:29.202505,Demonstrate your mastery of the subject through this detailed examination. This exam focuses on Introduction Theory Exam 1.,2023-11-19T00:00:00,ASG823571,6.25,3,100.0,MOD552162,Introduction Theory Exam 1,16,2025-03-20T18:55:29.631159,0.3
2023-11-22T00:00:00,Homework,74.08125,2025-03-20T18:55:29.202505,Apply what you've learned by completing these problems. This homework focuses on Introduction Fundamentals.,2023-11-30T00:00:00,ASG823921,12.5,4,100.0,MOD347988,Homework 1: Introduction Fundamentals,16,2025-03-20T18:55:29.631159,0.2
2023-09-14T00:00:00,Exam,72.00999999999999,2025-03-20T18:55:29.202505,This exam assesses your overall understanding of the material. This exam focuses on Theory.,2023-09-19T00:00:00,ASG755436,5.0,2,100.0,MOD591933,Exam 1: Theory,20,2025-03-20T18:55:29.641429,0.3
2023-09-23T00:00:00,Quiz,73.54999999999998,2025-03-20T18:55:29.202505,A short quiz to test your understanding of key concepts. This quiz focuses on Agricultural Fundamentals Quiz 1.,2023-09-28T00:00:00,ASG475250,0.0,3,100.0,MOD662545,Agricultural Fundamentals Quiz 1,20,2025-03-20T18:55:29.641429,0.15
2023-09-21T00:00:00,Participation,72.29499999999999,2025-03-20T18:55:29.202505,Your active participation in class activities will be assessed. This participation focuses on Agricultural Fundamentals Assessment 2.,2023-09-25T00:00:00,ASG920998,20.0,,100.0,MOD662545,Agricultural Fundamentals Assessment 2,20,2025-03-20T18:55:29.641429,0.1
2023-09-29T00:00:00,Homework,74.13499999999999,2025-03-20T18:55:29.202505,This homework assignment provides practice with key concepts. This homework focuses on Project Applications.,2023-10-03T00:00:00,ASG019227,10.0,2,100.0,MOD723695,Homework 1: Project Applications,20,2025-03-20T18:55:29.641429,0.2
2023-09-30T00:00:00,Project,70.145,2025-03-20T18:55:29.202505,This project allows you to apply concepts in a practical context. This project focuses on Project - Project Applications Concepts.,2023-10-06T00:00:00,ASG980247,15.0,,100.0,MOD723695,Project - Project Applications Concepts,20,2025-03-20T18:55:29.641429,0.25
2023-10-08T00:00:00,Exam,71.34,2025-03-20T18:55:29.202505,A comprehensive exam covering all major topics in this module. This exam focuses on Practice Assessment 1.,2023-10-11T00:00:00,ASG118766,15.0,2,100.0,MOD976783,Practice Assessment 1,20,2025-03-20T18:55:29.641429,0.3
2023-10-17T00:00:00,Quiz,74.24000000000001,2025-03-20T18:55:29.202505,Complete this quiz to demonstrate your knowledge of basic concepts. This quiz focuses on Research Applications Assessment 1.,2023-10-22T00:00:00,ASG688023,15.0,3,100.0,MOD510389,Research Applications Assessment 1,20,2025-03-20T18:55:29.641429,0.15
2023-10-23T00:00:00,Exam,69.86999999999998,2025-03-20T18:55:29.202505,A comprehensive exam covering all major topics in this module. This exam focuses on Exam - Discussion Concepts.,2023-10-28T00:00:00,ASG611037,0.0,3,100.0,MOD747851,Exam - Discussion Concepts,20,2025-03-20T18:55:29.641429,0.3
2023-10-23T00:00:00,Exam,70.41,2025-03-20T18:55:29.202505,This exam assesses your overall understanding of the material. This exam focuses on Exam on Discussion.,2023-10-28T00:00:00,ASG489765,25.0,1,100.0,MOD747851,Exam on Discussion,20,2025-03-20T18:55:29.641429,0.3
2023-11-02T00:00:00,Project,72.96499999999999,2025-03-20T18:55:29.202505,This project allows you to apply concepts in a practical context. This project focuses on Theory.,2023-11-06T00:00:00,ASG638241,5.0,,100.0,MOD827015,Project 1: Theory,20,2025-03-20T18:55:29.641429,0.25
2023-11-10T00:00:00,Project,73.50500000000002,2025-03-20T18:55:29.202505,Develop a project that demonstrates your understanding of the material. This project focuses on Project - Theory Applications Concepts.,2023-11-15T00:00:00,ASG799511,15.0,,100.0,MOD678208,Project - Theory Applications Concepts,20,2025-03-20T18:55:29.641429,0.25
2023-11-10T00:00:00,Exam,71.35,2025-03-20T18:55:29.202505,Demonstrate your mastery of the subject through this detailed examination. This exam focuses on Exam - Theory Applications Concepts.,2023-11-13T00:00:00,ASG678953,15.0,2,100.0,MOD678208,Exam - Theory Applications Concepts,20,2025-03-20T18:55:29.641429,0.3
2023-11-17T00:00:00,Quiz,71.62499999999999,2025-03-20T18:55:29.202505,This quiz covers the essential material from recent lessons. This quiz focuses on Quiz - Theory in Agricultural Concepts.,2023-11-23T00:00:00,ASG281578,5.0,2,100.0,MOD017744,Quiz - Theory in Agricultural Concepts,20,2025-03-20T18:55:29.641429,0.15
2023-11-26T00:00:00,Participation,72.93499999999999,2025-03-20T18:55:29.202505,Engage with the material through discussion and collaboration. This participation focuses on Agricultural Fundamentals Assessment 1.,2023-12-01T00:00:00,ASG870754,20.0,,100.0,MOD861713,Agricultural Fundamentals Assessment 1,20,2025-03-20T18:55:29.641429,0.1
2023-11-27T00:00:00,Homework,71.095,2025-03-20T18:55:29.202505,Apply what you've learned by completing these problems. This homework focuses on Agricultural Fundamentals.,2023-12-03T00:00:00,ASG874342,20.0,3,100.0,MOD861713,Homework 2: Agricultural Fundamentals,20,2025-03-20T18:55:29.641429,0.2
2023-12-06T00:00:00,Project,73.67,2025-03-20T18:55:29.202505,Develop a project that demonstrates your understanding of the material. This project focuses on Discussion Applications Project 1.,2023-12-08T00:00:00,ASG740386,0.0,,100.0,MOD252199,Discussion Applications Project 1,20,2025-03-20T18:55:29.641429,0.25
2023-12-05T00:00:00,Quiz,71.64000000000001,2025-03-20T18:55:29.202505,A short quiz to test your understanding of key concepts. This quiz focuses on Quiz - Discussion Applications Concepts.,2023-12-08T00:00:00,ASG390388,20.0,1,100.0,MOD252199,Quiz - Discussion Applications Concepts,20,2025-03-20T18:55:29.641429,0.15
2023-12-12T00:00:00,Quiz,72.91999999999999,2025-03-20T18:55:29.202505,A short quiz to test your understanding of key concepts. This quiz focuses on Practice Applications.,2023-12-18T00:00:00,ASG005645,5.0,1,100.0,MOD588633,Quiz 1: Practice Applications,20,2025-03-20T18:55:29.641429,0.15
2023-12-23T00:00:00,Exam,71.28999999999999,2025-03-20T18:55:29.202505,Demonstrate your mastery of the subject through this detailed examination. This exam focuses on Research Exam 1.,2023-12-27T00:00:00,ASG674438,0.0,3,100.0,MOD620277,Research Exam 1,20,2025-03-20T18:55:29.641429,0.3
2023-12-31T00:00:00,Project,70.795,2025-03-20T18:55:29.202505,Develop a project that demonstrates your understanding of the material. This project focuses on Project in Agricultural Assessment 1.,2024-01-03T00:00:00,ASG084299,20.0,,100.0,MOD603513,Project in Agricultural Assessment 1,20,2025-03-20T18:55:29.641429,0.25
2023-12-30T00:00:00,Homework,70.385,2025-03-20T18:55:29.202505,Apply what you've learned by completing these problems. This homework focuses on Project in Agricultural Assessment 2.,2024-01-04T00:00:00,ASG902553,10.0,3,100.0,MOD603513,Project in Agricultural Assessment 2,20,2025-03-20T18:55:29.641429,0.2
2024-01-06T00:00:00,Homework,73.08500000000001,2025-03-20T18:55:29.202505,Apply what you've learned by completing these problems. This homework focuses on Agricultural Discussion Homework 1.,2024-01-14T00:00:00,ASG239387,10.0,1,100.0,MOD077618,Agricultural Discussion Homework 1,20,2025-03-20T18:55:29.641429,0.2
2024-01-16T00:00:00,Exam,71.93499999999999,2025-03-20T18:55:29.202505,A comprehensive exam covering all major topics in this module. This exam focuses on Exam on Agricultural Theory.,2024-01-17T00:00:00,ASG102850,15.0,3,100.0,MOD951843,Exam on Agricultural Theory,20,2025-03-20T18:55:29.641429,0.3
2024-01-15T00:00:00,Quiz,71.44499999999998,2025-03-20T18:55:29.202505,Complete this quiz to demonstrate your knowledge of basic concepts. This quiz focuses on Quiz - Agricultural Theory Concepts.,2024-01-18T00:00:00,ASG098355,15.0,2,100.0,MOD951843,Quiz - Agricultural Theory Concepts,20,2025-03-20T18:55:29.641429,0.15
2023-09-09T00:00:00,Exam,73.00000000000001,2025-03-20T18:55:29.202505,This exam assesses your overall understanding of the material. This exam focuses on Exam - Practice Applications Concepts.,2023-09-15T00:00:00,ASG309036,22.22222222222222,2,100.0,MOD653090,Exam - Practice Applications Concepts,18,2025-03-20T18:55:29.643432,0.3
2023-09-09T00:00:00,Project,73.09444444444445,2025-03-20T18:55:29.202505,This project allows you to apply concepts in a practical context. This project focuses on Project on Practice Applications.,2023-09-14T00:00:00,ASG541980,16.666666666666664,,100.0,MOD653090,Project on Practice Applications,18,2025-03-20T18:55:29.643432,0.25
2023-09-18T00:00:00,Exam,74.40555555555555,2025-03-20T18:55:29.202505,A comprehensive exam covering all major topics in this module. This exam focuses on Practice Assessment 1.,2023-09-21T00:00:00,ASG327631,22.22222222222222,1,100.0,MOD988022,Practice Assessment 1,18,2025-03-20T18:55:29.643432,0.3
2023-09-25T00:00:00,Homework,71.16666666666669,2025-03-20T18:55:29.202505,Apply what you've learned by completing these problems. This homework focuses on Homework - Psychology Practice Concepts.,2023-09-29T00:00:00,ASG713923,22.22222222222222,1,100.0,MOD190546,Homework - Psychology Practice Concepts,18,2025-03-20T18:55:29.643432,0.2
2023-10-04T00:00:00,Participation,73.8388888888889,2025-03-20T18:55:29.203506,Engage with the material through discussion and collaboration. This participation focuses on Theory Applications.,2023-10-07T00:00:00,ASG195749,22.22222222222222,,100.0,MOD934300,Participation 1: Theory Applications,18,2025-03-20T18:55:29.643432,0.1
2023-10-11T00:00:00,Exam,72.97222222222223,2025-03-20T18:55:29.203506,A comprehensive exam covering all major topics in this module. This exam focuses on Psychology Fundamentals.,2023-10-16T00:00:00,ASG440428,11.11111111111111,1,100.0,MOD844240,Exam 1: Psychology Fundamentals,18,2025-03-20T18:55:29.645430,0.3
2023-10-21T00:00:00,Exam,72.9888888888889,2025-03-20T18:55:29.203506,A comprehensive exam covering all major topics in this module. This exam focuses on Psychology Research Assessment 1.,2023-10-24T00:00:00,ASG623202,11.11111111111111,3,100.0,MOD652395,Psychology Research Assessment 1,18,2025-03-20T18:55:29.645430,0.3
2023-10-30T00:00:00,Exam,73.38333333333333,2025-03-20T18:55:29.203506,A comprehensive exam covering all major topics in this module. This exam focuses on Practice in Psychology Assessment 1.,2023-11-01T00:00:00,ASG960294,16.666666666666664,3,100.0,MOD745073,Practice in Psychology Assessment 1,18,2025-03-20T18:55:29.645430,0.3
2023-11-07T00:00:00,Exam,73.77222222222221,2025-03-20T18:55:29.203506,A comprehensive exam covering all major topics in this module. This exam focuses on Exam on Discussion.,2023-11-12T00:00:00,ASG867448,22.22222222222222,3,100.0,MOD611308,Exam on Discussion,18,2025-03-20T18:55:29.645430,0.3
2023-11-07T00:00:00,Exam,73.0,2025-03-20T18:55:29.203506,Demonstrate your mastery of the subject through this detailed examination. This exam focuses on Exam on Discussion.,2023-11-10T00:00:00,ASG012672,5.555555555555555,2,100.0,MOD611308,Exam on Discussion,18,2025-03-20T18:55:29.645430,0.3
2023-11-13T00:00:00,Exam,76.22222222222224,2025-03-20T18:55:29.203506,A comprehensive exam covering all major topics in this module. This exam focuses on Exam - Theory Applications Concepts.,2023-11-17T00:00:00,ASG448493,11.11111111111111,1,100.0,MOD408199,Exam - Theory Applications Concepts,18,2025-03-20T18:55:29.645430,0.3
2023-11-15T00:00:00,Homework,77.11666666666666,2025-03-20T18:55:29.203506,Complete these exercises to reinforce your understanding. This homework focuses on Theory Applications.,2023-11-17T00:00:00,ASG232930,11.11111111111111,1,100.0,MOD408199,Homework 2: Theory Applications,18,2025-03-20T18:55:29.645430,0.2
2023-11-22T00:00:00,Quiz,73.14444444444445,2025-03-20T18:55:29.203506,This quiz covers the essential material from recent lessons. This quiz focuses on Research Assessment 1.,2023-11-25T00:00:00,ASG641769,5.555555555555555,2,100.0,MOD664045,Research Assessment 1,18,2025-03-20T18:55:29.645430,0.15
2023-11-21T00:00:00,Quiz,72.48333333333333,2025-03-20T18:55:29.203506,This quiz covers the essential material from recent lessons. This quiz focuses on Quiz on Research.,2023-11-25T00:00:00,ASG201065,22.22222222222222,2,100.0,MOD664045,Quiz on Research,18,2025-03-20T18:55:29.645430,0.15
2023-11-30T00:00:00,Participation,75.41666666666667,2025-03-20T18:55:29.203506,Contribute to class discussions and activities. This participation focuses on Research.,2023-12-01T00:00:00,ASG499378,5.555555555555555,,100.0,MOD037760,Participation 1: Research,18,2025-03-20T18:55:29.645430,0.1
2024-02-09T00:00:00,Homework,74.104,2025-03-20T18:55:29.203506,Apply what you've learned by completing these problems. This homework focuses on Homework - Visual Fundamentals Concepts.,2024-02-16T00:00:00,ASG149727,8.0,1,100.0,MOD892545,Homework - Visual Fundamentals Concepts,25,2025-03-20T18:55:29.645430,0.2
2024-02-18T00:00:00,Quiz,75.07600000000001,2025-03-20T18:55:29.203506,Complete this quiz to demonstrate your knowledge of basic concepts. This quiz focuses on Quiz - Visual Fundamentals Concepts.,2024-02-25T00:00:00,ASG215690,12.0,2,100.0,MOD364018,Quiz - Visual Fundamentals Concepts,25,2025-03-20T18:55:29.645430,0.15
2024-02-21T00:00:00,Homework,75.58,2025-03-20T18:55:29.203506,Apply what you've learned by completing these problems. This homework focuses on Visual Fundamentals Assessment 2.,2024-02-24T00:00:00,ASG433597,8.0,5,100.0,MOD364018,Visual Fundamentals Assessment 2,25,2025-03-20T18:55:29.645430,0.2
2024-03-02T00:00:00,Participation,74.31200000000001,2025-03-20T18:55:29.203506,Your active participation in class activities will be assessed. This participation focuses on Participation on Visual Fundamentals.,2024-03-09T00:00:00,ASG511326,4.0,,100.0,MOD223800,Participation on Visual Fundamentals,25,2025-03-20T18:55:29.645430,0.1
2024-03-15T00:00:00,Quiz,74.16,2025-03-20T18:55:29.203506,This quiz covers the essential material from recent lessons. This quiz focuses on Theory Quiz 1.,2024-03-31T00:00:00,ASG880213,20.0,2,100.0,MOD988636,Theory Quiz 1,25,2025-03-20T18:55:29.645430,0.15
2024-04-03T00:00:00,Participation,73.35600000000001,2025-03-20T18:55:29.203506,Your active participation in class activities will be assessed. This participation focuses on Discussion in Visual Participation 1.,2024-04-12T00:00:00,ASG383138,20.0,,100.0,MOD073544,Discussion in Visual Participation 1,25,2025-03-20T18:55:29.645430,0.1
2024-04-06T00:00:00,Participation,77.0,2025-03-20T18:55:29.203506,Your active participation in class activities will be assessed. This participation focuses on Discussion in Visual Assessment 2.,2024-04-18T00:00:00,ASG138456,16.0,,100.0,MOD073544,Discussion in Visual Assessment 2,25,2025-03-20T18:55:29.645430,0.1
2024-04-19T00:00:00,Homework,71.29600000000002,2025-03-20T18:55:29.203506,Complete these exercises to reinforce your understanding. This homework focuses on Theory in Visual Assessment 1.,2024-04-29T00:00:00,ASG352697,32.0,3,100.0,MOD795345,Theory in Visual Assessment 1,25,2025-03-20T18:55:29.645430,0.2
2024-04-19T00:00:00,Exam,71.64399999999999,2025-03-20T18:55:29.203506,This exam assesses your overall understanding of the material. This exam focuses on Exam - Theory in Visual Concepts.,2024-05-02T00:00:00,ASG515950,28.000000000000004,2,100.0,MOD795345,Exam - Theory in Visual Concepts,25,2025-03-20T18:55:29.645430,0.3
2024-05-03T00:00:00,Quiz,73.772,2025-03-20T18:55:29.203506,Complete this quiz to demonstrate your knowledge of basic concepts. This quiz focuses on Visual Research Assessment 1.,2024-05-14T00:00:00,ASG486722,16.0,3,100.0,MOD454342,Visual Research Assessment 1,25,2025-03-20T18:55:29.645430,0.15
2024-05-18T00:00:00,Participation,74.476,2025-03-20T18:55:29.203506,Your active participation in class activities will be assessed. This participation focuses on Participation - Visual Fundamentals Concepts.,2024-05-28T00:00:00,ASG708440,12.0,,100.0,MOD849117,Participation - Visual Fundamentals Concepts,25,2025-03-20T18:55:29.645430,0.1
2024-06-03T00:00:00,Homework,77.276,2025-03-20T18:55:29.203506,Apply what you've learned by completing these problems. This homework focuses on Visual Fundamentals Assessment 1.,2024-06-08T00:00:00,ASG791288,12.0,1,100.0,MOD888382,Visual Fundamentals Assessment 1,25,2025-03-20T18:55:29.645430,0.2
2024-06-01T00:00:00,Homework,71.192,2025-03-20T18:55:29.203506,Complete these exercises to reinforce your understanding. This homework focuses on Visual Fundamentals Assessment 2.,2024-06-12T00:00:00,ASG211921,28.000000000000004,2,100.0,MOD888382,Visual Fundamentals Assessment 2,25,2025-03-20T18:55:29.645430,0.2
