assignments,courseId,createdAt,description,durationDays,endDate,id,name,required,sequenceNumber,startDate,subject,updatedAt
"[""ASG211500"", ""ASG683832""]",CRS282114,2025-03-31T18:05:19.776535,Engage in critical discussions about important topics in the field. Module content relates to Geometry Fundamentals.,7,2023-09-21T00:00:00,MOD129918,Discussion 1: Geometry Fundamentals,True,1,2023-09-14T00:00:00,Physical Education,2025-03-31T18:05:19.781112
"[""ASG109890"", ""ASG262429""]",CRS282114,2025-03-31T18:05:19.776535,Students will learn the core concepts and principles. Module content relates to Geometry Theory.,7,2023-09-29T00:00:00,MOD929392,Module 2: Geometry Theory,True,2,2023-09-22T00:00:00,Physical Education,2025-03-31T18:05:19.781112
"[""ASG176831""]",CRS282114,2025-03-31T18:05:19.776535,Practice core techniques through guided exercises and activities. Module content relates to Geometry Practice - Part 3.,7,2023-10-07T00:00:00,MOD634135,Geometry Practice - Part 3,True,3,2023-09-30T00:00:00,Physical Education,2025-03-31T18:05:19.781870
"[""ASG533190""]",CRS282114,2025-03-31T18:05:19.776535,Apply theoretical knowledge through practical exercises and problems. Module content relates to Geometry Practice.,8,2023-10-16T00:00:00,MOD793247,Module 4: Geometry Practice,True,4,2023-10-08T00:00:00,Physical Education,2025-03-31T18:05:19.781870
"[""ASG995147""]",CRS282114,2025-03-31T18:05:19.776535,This discussion-based module promotes critical thinking and analysis. Module content relates to Discussion in Geometry.,7,2023-10-24T00:00:00,MOD626502,Unit 5: Discussion in Geometry,True,5,2023-10-17T00:00:00,Physical Education,2025-03-31T18:05:19.781870
"[""ASG482253"", ""ASG102987""]",CRS282114,2025-03-31T18:05:19.776535,Explore the fundamental theories that underpin this subject area. Module content relates to Geometry Fundamentals.,8,2023-11-02T00:00:00,MOD154537,Theory 6: Geometry Fundamentals,True,6,2023-10-25T00:00:00,Physical Education,2025-03-31T18:05:19.781870
"[""ASG604909""]",CRS282114,2025-03-31T18:05:19.776535,This discussion-based module promotes critical thinking and analysis. Module content relates to Discussion in Geometry.,8,2023-11-11T00:00:00,MOD706011,Unit 7: Discussion in Geometry,True,7,2023-11-03T00:00:00,Physical Education,2025-03-31T18:05:19.781870
"[""ASG681028""]",CRS282114,2025-03-31T18:05:19.776535,Explore advanced concepts through guided research activities. Module content relates to Geometry Research.,7,2023-11-19T00:00:00,MOD757306,Module 8: Geometry Research,True,8,2023-11-12T00:00:00,Physical Education,2025-03-31T18:05:19.781870
"[""ASG806286""]",CRS282114,2025-03-31T18:05:19.776535,Explore advanced concepts through guided research activities. Module content relates to Geometry Research - Part 9.,7,2023-11-27T00:00:00,MOD827410,Geometry Research - Part 9,True,9,2023-11-20T00:00:00,Physical Education,2025-03-31T18:05:19.781870
"[""ASG144869"", ""ASG010848""]",CRS282114,2025-03-31T18:05:19.776535,This hands-on module focuses on developing practical skills. Module content relates to Geometry Practice.,7,2023-12-05T00:00:00,MOD625708,Module 10: Geometry Practice,True,10,2023-11-28T00:00:00,Physical Education,2025-03-31T18:05:19.781870
"[""ASG248077""]",CRS282114,2025-03-31T18:05:19.776535,Work on a comprehensive project to solidify understanding. Module content relates to Geometry Project - Part 11.,1,2023-12-07T00:00:00,MOD823547,Geometry Project - Part 11,True,11,2023-12-06T00:00:00,Physical Education,2025-03-31T18:05:19.781870
"[""ASG937045""]",CRS563301,2025-03-31T18:05:19.776535,This module focuses on research methodologies and applications. Module content relates to Algebra Research - Part 1.,7,2023-09-22T00:00:00,MOD189200,Algebra Research - Part 1,True,1,2023-09-15T00:00:00,Art,2025-03-31T18:05:19.781870
"[""ASG752300""]",CRS563301,2025-03-31T18:05:19.776535,Explore advanced concepts through guided research activities. Module content relates to Algebra Research.,8,2023-10-01T00:00:00,MOD442645,Module 2: Algebra Research,True,2,2023-09-23T00:00:00,Art,2025-03-31T18:05:19.781870
"[""ASG734363"", ""ASG376082""]",CRS563301,2025-03-31T18:05:19.776535,Practice core techniques through guided exercises and activities. Module content relates to Algebra Fundamentals.,8,2023-10-10T00:00:00,MOD003797,Practice 3: Algebra Fundamentals,True,3,2023-10-02T00:00:00,Art,2025-03-31T18:05:19.781870
"[""ASG694915""]",CRS563301,2025-03-31T18:05:19.776535,Explore advanced concepts through guided research activities. Module content relates to Research Applications.,7,2023-10-18T00:00:00,MOD965656,Algebra 4: Research Applications,True,4,2023-10-11T00:00:00,Art,2025-03-31T18:05:19.781870
"[""ASG261696""]",CRS563301,2025-03-31T18:05:19.776535,This module focuses on research methodologies and applications. Module content relates to Algebra Research.,8,2023-10-27T00:00:00,MOD910262,Module 5: Algebra Research,True,5,2023-10-19T00:00:00,Art,2025-03-31T18:05:19.781870
"[""ASG694783""]",CRS563301,2025-03-31T18:05:19.776535,Explore the fundamental theories that underpin this subject area. Module content relates to Theory Applications.,7,2023-11-04T00:00:00,MOD363377,Algebra 6: Theory Applications,True,6,2023-10-28T00:00:00,Art,2025-03-31T18:05:19.781870
"[""ASG052488""]",CRS563301,2025-03-31T18:05:19.776535,Engage in critical discussions about important topics in the field. Module content relates to Algebra Fundamentals.,7,2023-11-12T00:00:00,MOD912950,Discussion 7: Algebra Fundamentals,True,7,2023-11-05T00:00:00,Art,2025-03-31T18:05:19.781870
"[""ASG223166""]",CRS563301,2025-03-31T18:05:19.776535,Apply theoretical knowledge through practical exercises and problems. Module content relates to Practice Applications.,8,2023-11-21T00:00:00,MOD266948,Algebra 8: Practice Applications,True,8,2023-11-13T00:00:00,Art,2025-03-31T18:05:19.781870
"[""ASG201752""]",CRS563301,2025-03-31T18:05:19.776535,Explore advanced concepts through guided research activities. Module content relates to Algebra Fundamentals.,8,2023-11-30T00:00:00,MOD698483,Research 9: Algebra Fundamentals,True,9,2023-11-22T00:00:00,Art,2025-03-31T18:05:19.781870
"[""ASG089386"", ""ASG284450""]",CRS563301,2025-03-31T18:05:19.776535,This module covers the theoretical foundations of the subject. Module content relates to Theory Applications.,7,2023-12-08T00:00:00,MOD739347,Algebra 10: Theory Applications,True,10,2023-12-01T00:00:00,Art,2025-03-31T18:05:19.781870
"[""ASG025436""]",CRS563301,2025-03-31T18:05:19.776535,Conduct research on topics related to the course material. Module content relates to Algebra Fundamentals.,7,2023-12-16T00:00:00,MOD297528,Research 11: Algebra Fundamentals,True,11,2023-12-09T00:00:00,Art,2025-03-31T18:05:19.781870
"[""ASG421061""]",CRS563301,2025-03-31T18:05:19.776535,Students will learn the core concepts and principles. Module content relates to Algebra Theory.,8,2023-12-25T00:00:00,MOD149192,Module 12: Algebra Theory,True,12,2023-12-17T00:00:00,Art,2025-03-31T18:05:19.781870
"[""ASG531672""]",CRS563301,2025-03-31T18:05:19.776535,This module focuses on research methodologies and applications. Module content relates to Research Applications.,7,2024-01-02T00:00:00,MOD721703,Algebra 13: Research Applications,False,13,2023-12-26T00:00:00,Art,2025-03-31T18:05:19.781870
"[""ASG394975""]",CRS563301,2025-03-31T18:05:19.776535,This module focuses on research methodologies and applications. Module content relates to Algebra Research - Part 14.,7,2024-01-10T00:00:00,MOD236041,Algebra Research - Part 14,False,14,2024-01-03T00:00:00,Art,2025-03-31T18:05:19.781870
"[""ASG555981""]",CRS563301,2025-03-31T18:05:19.776535,This hands-on module focuses on developing practical skills. Module content relates to Practice in Algebra.,7,2024-01-18T00:00:00,MOD542977,Unit 15: Practice in Algebra,False,15,2024-01-11T00:00:00,Art,2025-03-31T18:05:19.781870
"[""ASG051045""]",CRS279712,2025-03-31T18:05:19.776535,This module focuses on research methodologies and applications. Module content relates to Entrepreneurship Fundamentals.,8,2023-09-16T00:00:00,MOD126424,Research 1: Entrepreneurship Fundamentals,False,1,2023-09-08T00:00:00,Physical Education,2025-03-31T18:05:19.781870
"[""ASG198519"", ""ASG573285""]",CRS279712,2025-03-31T18:05:19.776535,This module covers the theoretical foundations of the subject. Module content relates to Entrepreneurship Theory.,7,2023-09-24T00:00:00,MOD750426,Module 2: Entrepreneurship Theory,True,2,2023-09-17T00:00:00,Physical Education,2025-03-31T18:05:19.781870
"[""ASG417910"", ""ASG486194""]",CRS279712,2025-03-31T18:05:19.776535,Explore advanced concepts through guided research activities. Module content relates to Entrepreneurship Fundamentals.,7,2023-10-02T00:00:00,MOD112810,Research 3: Entrepreneurship Fundamentals,False,3,2023-09-25T00:00:00,Physical Education,2025-03-31T18:05:19.781870
"[""ASG712060""]",CRS279712,2025-03-31T18:05:19.777372,Work on a comprehensive project to solidify understanding. Module content relates to Entrepreneurship Project.,7,2023-10-10T00:00:00,MOD654310,Module 4: Entrepreneurship Project,True,4,2023-10-03T00:00:00,Physical Education,2025-03-31T18:05:19.781870
"[""ASG435387"", ""ASG335894""]",CRS279712,2025-03-31T18:05:19.777372,This project-based module allows application of learned skills. Module content relates to Entrepreneurship Project - Part 5.,9,2023-10-20T00:00:00,MOD265972,Entrepreneurship Project - Part 5,True,5,2023-10-11T00:00:00,Physical Education,2025-03-31T18:05:19.781870
"[""ASG173148""]",CRS279712,2025-03-31T18:05:19.777372,Explore advanced concepts through guided research activities. Module content relates to Research Applications.,7,2023-10-28T00:00:00,MOD465621,Entrepreneurship 6: Research Applications,True,6,2023-10-21T00:00:00,Physical Education,2025-03-31T18:05:19.781870
"[""ASG516724"", ""ASG107464""]",CRS279712,2025-03-31T18:05:19.777372,Practice core techniques through guided exercises and activities. Module content relates to Practice in Entrepreneurship.,7,2023-11-05T00:00:00,MOD467407,Unit 7: Practice in Entrepreneurship,False,7,2023-10-29T00:00:00,Physical Education,2025-03-31T18:05:19.781870
"[""ASG197962"", ""ASG819211""]",CRS279712,2025-03-31T18:05:19.777372,Conduct research on topics related to the course material. Module content relates to Entrepreneurship Fundamentals.,7,2023-11-13T00:00:00,MOD321927,Research 8: Entrepreneurship Fundamentals,True,8,2023-11-06T00:00:00,Physical Education,2025-03-31T18:05:19.781870
"[""ASG176183"", ""ASG776169""]",CRS279712,2025-03-31T18:05:19.777372,Work on a comprehensive project to solidify understanding. Module content relates to Entrepreneurship Fundamentals.,7,2023-11-21T00:00:00,MOD612347,Project 9: Entrepreneurship Fundamentals,True,9,2023-11-14T00:00:00,Physical Education,2025-03-31T18:05:19.781870
"[""ASG446598"", ""ASG360823""]",CRS279712,2025-03-31T18:05:19.777372,Practice core techniques through guided exercises and activities. Module content relates to Entrepreneurship Fundamentals.,8,2023-11-30T00:00:00,MOD477633,Practice 10: Entrepreneurship Fundamentals,True,10,2023-11-22T00:00:00,Physical Education,2025-03-31T18:05:19.781870
"[""ASG133227""]",CRS279712,2025-03-31T18:05:19.777372,Engage in critical discussions about important topics in the field. Module content relates to Entrepreneurship Discussion - Part 11.,7,2023-12-08T00:00:00,MOD308794,Entrepreneurship Discussion - Part 11,True,11,2023-12-01T00:00:00,Physical Education,2025-03-31T18:05:19.781870
"[""ASG192260""]",CRS279712,2025-03-31T18:05:19.777372,Practice core techniques through guided exercises and activities. Module content relates to Practice Applications.,6,2023-12-15T00:00:00,MOD053801,Entrepreneurship 12: Practice Applications,False,12,2023-12-09T00:00:00,Physical Education,2025-03-31T18:05:19.781870
"[""ASG017321"", ""ASG613539""]",CRS829699,2025-03-31T18:05:19.777372,Students will learn the core concepts and principles. Module content relates to Theory Applications.,8,2023-09-10T00:00:00,MOD295002,Statistics 1: Theory Applications,True,1,2023-09-02T00:00:00,History,2025-03-31T18:05:19.781870
"[""ASG589464"", ""ASG795408""]",CRS829699,2025-03-31T18:05:19.777372,Engage in critical discussions about important topics in the field. Module content relates to Statistics Discussion.,7,2023-09-18T00:00:00,MOD709569,Module 2: Statistics Discussion,True,2,2023-09-11T00:00:00,History,2025-03-31T18:05:19.781870
"[""ASG581951"", ""ASG594530""]",CRS829699,2025-03-31T18:05:19.777372,Work on a comprehensive project to solidify understanding. Module content relates to Statistics Fundamentals.,7,2023-09-26T00:00:00,MOD655637,Project 3: Statistics Fundamentals,False,3,2023-09-19T00:00:00,History,2025-03-31T18:05:19.781870
"[""ASG104780"", ""ASG755627""]",CRS829699,2025-03-31T18:05:19.777372,Practice core techniques through guided exercises and activities. Module content relates to Statistics Practice.,7,2023-10-04T00:00:00,MOD721961,Module 4: Statistics Practice,True,4,2023-09-27T00:00:00,History,2025-03-31T18:05:19.781870
"[""ASG531858""]",CRS829699,2025-03-31T18:05:19.777372,Explore advanced concepts through guided research activities. Module content relates to Statistics Fundamentals.,7,2023-10-12T00:00:00,MOD178469,Research 5: Statistics Fundamentals,False,5,2023-10-05T00:00:00,History,2025-03-31T18:05:19.781870
"[""ASG723283""]",CRS829699,2025-03-31T18:05:19.777372,This discussion-based module promotes critical thinking and analysis. Module content relates to Statistics Fundamentals.,7,2023-10-20T00:00:00,MOD955623,Discussion 6: Statistics Fundamentals,True,6,2023-10-13T00:00:00,History,2025-03-31T18:05:19.781870
"[""ASG483622""]",CRS829699,2025-03-31T18:05:19.777372,Practice core techniques through guided exercises and activities. Module content relates to Statistics Practice.,8,2023-10-29T00:00:00,MOD747835,Module 7: Statistics Practice,True,7,2023-10-21T00:00:00,History,2025-03-31T18:05:19.781870
"[""ASG335954"", ""ASG495583""]",CRS829699,2025-03-31T18:05:19.777372,Conduct research on topics related to the course material. Module content relates to Research Applications.,7,2023-11-06T00:00:00,MOD489333,Statistics 8: Research Applications,True,8,2023-10-30T00:00:00,History,2025-03-31T18:05:19.781870
"[""ASG707924""]",CRS829699,2025-03-31T18:05:19.777372,This module focuses on research methodologies and applications. Module content relates to Statistics Research - Part 9.,4,2023-11-11T00:00:00,MOD309761,Statistics Research - Part 9,True,9,2023-11-07T00:00:00,History,2025-03-31T18:05:19.781870
"[""ASG141068""]",CRS636333,2025-03-31T18:05:19.777372,Engage in critical discussions about important topics in the field. Module content relates to Discussion in Chemistry.,7,2024-02-17T00:00:00,MOD098676,Unit 1: Discussion in Chemistry,False,1,2024-02-10T00:00:00,Science,2025-03-31T18:05:19.781870
"[""ASG540295"", ""ASG184944""]",CRS636333,2025-03-31T18:05:19.777372,Participate in structured discussions to deepen understanding. Module content relates to Discussion Applications.,7,2024-02-25T00:00:00,MOD943821,Chemistry 2: Discussion Applications,True,2,2024-02-18T00:00:00,Science,2025-03-31T18:05:19.781870
"[""ASG018884"", ""ASG136846""]",CRS636333,2025-03-31T18:05:19.777372,This discussion-based module promotes critical thinking and analysis. Module content relates to Discussion Applications.,7,2024-03-04T00:00:00,MOD751822,Chemistry 3: Discussion Applications,True,3,2024-02-26T00:00:00,Science,2025-03-31T18:05:19.781870
"[""ASG169773"", ""ASG685753""]",CRS636333,2025-03-31T18:05:19.777372,This module covers the theoretical foundations of the subject. Module content relates to Chemistry Theory.,7,2024-03-12T00:00:00,MOD160396,Module 4: Chemistry Theory,True,4,2024-03-05T00:00:00,Science,2025-03-31T18:05:19.781870
"[""ASG753487""]",CRS636333,2025-03-31T18:05:19.777372,This hands-on module focuses on developing practical skills. Module content relates to Practice in Chemistry.,7,2024-03-20T00:00:00,MOD609232,Unit 5: Practice in Chemistry,True,5,2024-03-13T00:00:00,Science,2025-03-31T18:05:19.781870
"[""ASG140691""]",CRS636333,2025-03-31T18:05:19.777372,Students will learn the core concepts and principles. Module content relates to Chemistry Theory - Part 6.,8,2024-03-29T00:00:00,MOD917943,Chemistry Theory - Part 6,True,6,2024-03-21T00:00:00,Science,2025-03-31T18:05:19.781870
"[""ASG447641""]",CRS636333,2025-03-31T18:05:19.777372,Explore advanced concepts through guided research activities. Module content relates to Chemistry Research.,7,2024-04-06T00:00:00,MOD599946,Module 7: Chemistry Research,True,7,2024-03-30T00:00:00,Science,2025-03-31T18:05:19.781870
"[""ASG267759""]",CRS636333,2025-03-31T18:05:19.777372,Explore the fundamental theories that underpin this subject area. Module content relates to Theory Applications.,9,2024-04-16T00:00:00,MOD347441,Chemistry 8: Theory Applications,True,8,2024-04-07T00:00:00,Science,2025-03-31T18:05:19.781870
"[""ASG650358"", ""ASG843621""]",CRS636333,2025-03-31T18:05:19.777372,This project-based module allows application of learned skills. Module content relates to Project Applications.,7,2024-04-24T00:00:00,MOD085920,Chemistry 9: Project Applications,True,9,2024-04-17T00:00:00,Science,2025-03-31T18:05:19.781870
"[""ASG743607"", ""ASG735255""]",CRS636333,2025-03-31T18:05:19.777372,Work on a comprehensive project to solidify understanding. Module content relates to Chemistry Fundamentals.,7,2024-05-02T00:00:00,MOD153959,Project 10: Chemistry Fundamentals,True,10,2024-04-25T00:00:00,Science,2025-03-31T18:05:19.781870
"[""ASG006240"", ""ASG701127""]",CRS636333,2025-03-31T18:05:19.777372,This project-based module allows application of learned skills. Module content relates to Project in Chemistry.,7,2024-05-10T00:00:00,MOD857928,Unit 11: Project in Chemistry,True,11,2024-05-03T00:00:00,Science,2025-03-31T18:05:19.781870
"[""ASG927135""]",CRS445791,2025-03-31T18:05:19.777372,This discussion-based module promotes critical thinking and analysis. Module content relates to Discussion Applications.,12,2024-02-22T00:00:00,MOD404044,Earth 1: Discussion Applications,True,1,2024-02-10T00:00:00,Science,2025-03-31T18:05:19.781870
"[""ASG584820""]",CRS445791,2025-03-31T18:05:19.777372,Develop and complete a project that demonstrates mastery of key concepts. Module content relates to Earth Project - Part 2.,12,2024-03-06T00:00:00,MOD769660,Earth Project - Part 2,True,2,2024-02-23T00:00:00,Science,2025-03-31T18:05:19.781870
"[""ASG200621"", ""ASG378601""]",CRS445791,2025-03-31T18:05:19.777372,Explore the fundamental theories that underpin this subject area. Module content relates to Earth Theory.,8,2024-03-15T00:00:00,MOD581755,Module 3: Earth Theory,False,3,2024-03-07T00:00:00,Science,2025-03-31T18:05:19.781870
"[""ASG608764""]",CRS445791,2025-03-31T18:05:19.777372,Participate in structured discussions to deepen understanding. Module content relates to Discussion in Earth.,8,2024-03-24T00:00:00,MOD430054,Unit 4: Discussion in Earth,True,4,2024-03-16T00:00:00,Science,2025-03-31T18:05:19.781870
"[""ASG217408""]",CRS445791,2025-03-31T18:05:19.777372,Students will learn the core concepts and principles. Module content relates to Earth Fundamentals.,11,2024-04-05T00:00:00,MOD976826,Theory 5: Earth Fundamentals,True,5,2024-03-25T00:00:00,Science,2025-03-31T18:05:19.781870
"[""ASG467505"", ""ASG963622""]",CRS445791,2025-03-31T18:05:19.777372,This project-based module allows application of learned skills. Module content relates to Project Applications.,10,2024-04-16T00:00:00,MOD165150,Earth 6: Project Applications,False,6,2024-04-06T00:00:00,Science,2025-03-31T18:05:19.781870
"[""ASG629816"", ""ASG599747""]",CRS445791,2025-03-31T18:05:19.777372,This hands-on module focuses on developing practical skills. Module content relates to Earth Fundamentals.,11,2024-04-28T00:00:00,MOD244469,Practice 7: Earth Fundamentals,True,7,2024-04-17T00:00:00,Science,2025-03-31T18:05:19.781870
"[""ASG011987"", ""ASG639741""]",CRS445791,2025-03-31T18:05:19.777372,Explore the fundamental theories that underpin this subject area. Module content relates to Earth Fundamentals.,12,2024-05-11T00:00:00,MOD916450,Theory 8: Earth Fundamentals,True,8,2024-04-29T00:00:00,Science,2025-03-31T18:05:19.781870
"[""ASG095398""]",CRS445791,2025-03-31T18:05:19.777372,Apply theoretical knowledge through practical exercises and problems. Module content relates to Practice in Earth.,10,2024-05-22T00:00:00,MOD816945,Unit 9: Practice in Earth,True,9,2024-05-12T00:00:00,Science,2025-03-31T18:05:19.781870
"[""ASG414655""]",CRS445791,2025-03-31T18:05:19.777372,Participate in structured discussions to deepen understanding. Module content relates to Earth Discussion.,2,2024-05-25T00:00:00,MOD249957,Module 10: Earth Discussion,True,10,2024-05-23T00:00:00,Science,2025-03-31T18:05:19.781870
"[""ASG859211""]",CRS010114,2025-03-31T18:05:19.777372,This hands-on module focuses on developing practical skills. Module content relates to Language Practice.,7,2023-09-12T00:00:00,MOD378369,Module 1: Language Practice,True,1,2023-09-05T00:00:00,Music,2025-03-31T18:05:19.781870
"[""ASG088883""]",CRS010114,2025-03-31T18:05:19.777372,This project-based module allows application of learned skills. Module content relates to Language Project.,7,2023-09-20T00:00:00,MOD033663,Module 2: Language Project,True,2,2023-09-13T00:00:00,Music,2025-03-31T18:05:19.781870
"[""ASG230335""]",CRS010114,2025-03-31T18:05:19.777372,Apply theoretical knowledge through practical exercises and problems. Module content relates to Language Practice - Part 3.,7,2023-09-28T00:00:00,MOD850531,Language Practice - Part 3,False,3,2023-09-21T00:00:00,Music,2025-03-31T18:05:19.781870
"[""ASG279352"", ""ASG905095""]",CRS010114,2025-03-31T18:05:19.777372,This hands-on module focuses on developing practical skills. Module content relates to Practice Applications.,7,2023-10-06T00:00:00,MOD621281,Language 4: Practice Applications,True,4,2023-09-29T00:00:00,Music,2025-03-31T18:05:19.781870
"[""ASG733864""]",CRS010114,2025-03-31T18:05:19.777372,This discussion-based module promotes critical thinking and analysis. Module content relates to Language Discussion - Part 5.,7,2023-10-14T00:00:00,MOD824435,Language Discussion - Part 5,True,5,2023-10-07T00:00:00,Music,2025-03-31T18:05:19.781870
"[""ASG198144"", ""ASG494514""]",CRS010114,2025-03-31T18:05:19.777372,Conduct research on topics related to the course material. Module content relates to Research Applications.,7,2023-10-22T00:00:00,MOD695683,Language 6: Research Applications,True,6,2023-10-15T00:00:00,Music,2025-03-31T18:05:19.781870
"[""ASG830067""]",CRS010114,2025-03-31T18:05:19.777372,Practice core techniques through guided exercises and activities. Module content relates to Language Fundamentals.,7,2023-10-30T00:00:00,MOD837354,Practice 7: Language Fundamentals,False,7,2023-10-23T00:00:00,Music,2025-03-31T18:05:19.781870
"[""ASG205628""]",CRS010114,2025-03-31T18:05:19.777372,Apply theoretical knowledge through practical exercises and problems. Module content relates to Language Practice.,7,2023-11-07T00:00:00,MOD484213,Module 8: Language Practice,True,8,2023-10-31T00:00:00,Music,2025-03-31T18:05:19.781870
"[""ASG425998""]",CRS010114,2025-03-31T18:05:19.777372,Participate in structured discussions to deepen understanding. Module content relates to Discussion in Language.,6,2023-11-14T00:00:00,MOD402332,Unit 9: Discussion in Language,True,9,2023-11-08T00:00:00,Music,2025-03-31T18:05:19.781870
"[""ASG612609""]",CRS237240,2025-03-31T18:05:19.777372,This hands-on module focuses on developing practical skills. Module content relates to Practice Applications.,7,2024-02-17T00:00:00,MOD290671,Biology 1: Practice Applications,True,1,2024-02-10T00:00:00,Music,2025-03-31T18:05:19.781870
"[""ASG204126""]",CRS237240,2025-03-31T18:05:19.777372,Explore advanced concepts through guided research activities. Module content relates to Research Applications.,7,2024-02-25T00:00:00,MOD999403,Biology 2: Research Applications,True,2,2024-02-18T00:00:00,Music,2025-03-31T18:05:19.781870
"[""ASG522619""]",CRS237240,2025-03-31T18:05:19.777372,Practice core techniques through guided exercises and activities. Module content relates to Biology Fundamentals.,7,2024-03-04T00:00:00,MOD598962,Practice 3: Biology Fundamentals,True,3,2024-02-26T00:00:00,Music,2025-03-31T18:05:19.781870
"[""ASG130118""]",CRS237240,2025-03-31T18:05:19.777372,Engage in critical discussions about important topics in the field. Module content relates to Discussion Applications.,8,2024-03-13T00:00:00,MOD228416,Biology 4: Discussion Applications,True,4,2024-03-05T00:00:00,Music,2025-03-31T18:05:19.781870
"[""ASG738783""]",CRS237240,2025-03-31T18:05:19.777372,Apply theoretical knowledge through practical exercises and problems. Module content relates to Practice Applications.,8,2024-03-22T00:00:00,MOD009529,Biology 5: Practice Applications,True,5,2024-03-14T00:00:00,Music,2025-03-31T18:05:19.781870
"[""ASG755948"", ""ASG411974""]",CRS237240,2025-03-31T18:05:19.777372,Apply theoretical knowledge through practical exercises and problems. Module content relates to Biology Fundamentals.,7,2024-03-30T00:00:00,MOD167797,Practice 6: Biology Fundamentals,True,6,2024-03-23T00:00:00,Music,2025-03-31T18:05:19.781870
"[""ASG833303"", ""ASG010713""]",CRS237240,2025-03-31T18:05:19.777372,Develop and complete a project that demonstrates mastery of key concepts. Module content relates to Project Applications.,7,2024-04-07T00:00:00,MOD437354,Biology 7: Project Applications,True,7,2024-03-31T00:00:00,Music,2025-03-31T18:05:19.781870
"[""ASG744195""]",CRS237240,2025-03-31T18:05:19.777372,Conduct research on topics related to the course material. Module content relates to Biology Research - Part 8.,7,2024-04-15T00:00:00,MOD648440,Biology Research - Part 8,True,8,2024-04-08T00:00:00,Music,2025-03-31T18:05:19.781870
"[""ASG924673""]",CRS237240,2025-03-31T18:05:19.777372,This hands-on module focuses on developing practical skills. Module content relates to Biology Practice - Part 9.,7,2024-04-23T00:00:00,MOD431836,Biology Practice - Part 9,True,9,2024-04-16T00:00:00,Music,2025-03-31T18:05:19.781870
"[""ASG679298""]",CRS237240,2025-03-31T18:05:19.777372,Apply theoretical knowledge through practical exercises and problems. Module content relates to Biology Practice.,3,2024-04-27T00:00:00,MOD646464,Module 10: Biology Practice,True,10,2024-04-24T00:00:00,Music,2025-03-31T18:05:19.781870
"[""ASG316600"", ""ASG993606""]",CRS384403,2025-03-31T18:05:19.777372,This module covers the theoretical foundations of the subject. Module content relates to Laboratory Theory - Part 1.,7,2023-09-13T00:00:00,MOD795201,Laboratory Theory - Part 1,True,1,2023-09-06T00:00:00,History,2025-03-31T18:05:19.781870
"[""ASG628021"", ""ASG127590""]",CRS384403,2025-03-31T18:05:19.777372,Develop and complete a project that demonstrates mastery of key concepts. Module content relates to Laboratory Project - Part 2.,7,2023-09-21T00:00:00,MOD591859,Laboratory Project - Part 2,True,2,2023-09-14T00:00:00,History,2025-03-31T18:05:19.781870
"[""ASG528622"", ""ASG654871""]",CRS384403,2025-03-31T18:05:19.777372,Practice core techniques through guided exercises and activities. Module content relates to Practice Applications.,7,2023-09-29T00:00:00,MOD609268,Laboratory 3: Practice Applications,True,3,2023-09-22T00:00:00,History,2025-03-31T18:05:19.781870
"[""ASG531574"", ""ASG970113""]",CRS384403,2025-03-31T18:05:19.777372,Apply theoretical knowledge through practical exercises and problems. Module content relates to Laboratory Fundamentals.,9,2023-10-09T00:00:00,MOD365290,Practice 4: Laboratory Fundamentals,True,4,2023-09-30T00:00:00,History,2025-03-31T18:05:19.781870
"[""ASG582835""]",CRS384403,2025-03-31T18:05:19.777372,Practice core techniques through guided exercises and activities. Module content relates to Laboratory Practice.,7,2023-10-17T00:00:00,MOD973486,Module 5: Laboratory Practice,False,5,2023-10-10T00:00:00,History,2025-03-31T18:05:19.781870
"[""ASG073230""]",CRS384403,2025-03-31T18:05:19.777372,Explore the fundamental theories that underpin this subject area. Module content relates to Laboratory Fundamentals.,7,2023-10-25T00:00:00,MOD739941,Theory 6: Laboratory Fundamentals,True,6,2023-10-18T00:00:00,History,2025-03-31T18:05:19.781870
"[""ASG968591""]",CRS384403,2025-03-31T18:05:19.777372,Work on a comprehensive project to solidify understanding. Module content relates to Project Applications.,7,2023-11-02T00:00:00,MOD877222,Laboratory 7: Project Applications,True,7,2023-10-26T00:00:00,History,2025-03-31T18:05:19.781870
"[""ASG587896""]",CRS384403,2025-03-31T18:05:19.777372,Practice core techniques through guided exercises and activities. Module content relates to Laboratory Practice - Part 8.,7,2023-11-10T00:00:00,MOD440527,Laboratory Practice - Part 8,True,8,2023-11-03T00:00:00,History,2025-03-31T18:05:19.781870
"[""ASG074387""]",CRS384403,2025-03-31T18:05:19.777372,This hands-on module focuses on developing practical skills. Module content relates to Laboratory Practice - Part 9.,7,2023-11-18T00:00:00,MOD322102,Laboratory Practice - Part 9,True,9,2023-11-11T00:00:00,History,2025-03-31T18:05:19.781870
"[""ASG478651"", ""ASG477122""]",CRS384403,2025-03-31T18:05:19.777372,Develop and complete a project that demonstrates mastery of key concepts. Module content relates to Project in Laboratory.,8,2023-11-27T00:00:00,MOD349587,Unit 10: Project in Laboratory,True,10,2023-11-19T00:00:00,History,2025-03-31T18:05:19.781870
"[""ASG480736""]",CRS384403,2025-03-31T18:05:19.777372,Explore the fundamental theories that underpin this subject area. Module content relates to Laboratory Theory.,7,2023-12-05T00:00:00,MOD703545,Module 11: Laboratory Theory,False,11,2023-11-28T00:00:00,History,2025-03-31T18:05:19.781870
"[""ASG422504"", ""ASG503016""]",CRS384403,2025-03-31T18:05:19.777372,This hands-on module focuses on developing practical skills. Module content relates to Laboratory Practice - Part 12.,7,2023-12-13T00:00:00,MOD962259,Laboratory Practice - Part 12,True,12,2023-12-06T00:00:00,History,2025-03-31T18:05:19.783375
"[""ASG697642""]",CRS878123,2025-03-31T18:05:19.777372,Explore advanced concepts through guided research activities. Module content relates to Research in 3D.,7,2024-02-18T00:00:00,MOD332974,Unit 1: Research in 3D,False,1,2024-02-11T00:00:00,Social Studies,2025-03-31T18:05:19.783375
"[""ASG923517"", ""ASG543409""]",CRS878123,2025-03-31T18:05:19.777372,Practice core techniques through guided exercises and activities. Module content relates to Practice in 3D.,7,2024-02-26T00:00:00,MOD250245,Unit 2: Practice in 3D,True,2,2024-02-19T00:00:00,Social Studies,2025-03-31T18:05:19.783375
"[""ASG204081""]",CRS878123,2025-03-31T18:05:19.777372,This discussion-based module promotes critical thinking and analysis. Module content relates to 3D Fundamentals.,7,2024-03-05T00:00:00,MOD811286,Discussion 3: 3D Fundamentals,True,3,2024-02-27T00:00:00,Social Studies,2025-03-31T18:05:19.783375
"[""ASG650060""]",CRS878123,2025-03-31T18:05:19.777372,Students will learn the core concepts and principles. Module content relates to Theory in 3D.,7,2024-03-13T00:00:00,MOD752225,Unit 4: Theory in 3D,True,4,2024-03-06T00:00:00,Social Studies,2025-03-31T18:05:19.783375
"[""ASG080715""]",CRS878123,2025-03-31T18:05:19.777372,Explore advanced concepts through guided research activities. Module content relates to 3D Research - Part 5.,7,2024-03-21T00:00:00,MOD038585,3D Research - Part 5,True,5,2024-03-14T00:00:00,Social Studies,2025-03-31T18:05:19.783375
"[""ASG730078""]",CRS878123,2025-03-31T18:05:19.777372,Practice core techniques through guided exercises and activities. Module content relates to 3D Practice.,7,2024-03-29T00:00:00,MOD827491,Module 6: 3D Practice,False,6,2024-03-22T00:00:00,Social Studies,2025-03-31T18:05:19.783375
"[""ASG106562"", ""ASG347451""]",CRS878123,2025-03-31T18:05:19.777372,This module covers the theoretical foundations of the subject. Module content relates to 3D Theory.,7,2024-04-06T00:00:00,MOD594289,Module 7: 3D Theory,True,7,2024-03-30T00:00:00,Social Studies,2025-03-31T18:05:19.783375
"[""ASG024498""]",CRS878123,2025-03-31T18:05:19.777372,Apply theoretical knowledge through practical exercises and problems. Module content relates to Practice in 3D.,7,2024-04-14T00:00:00,MOD440446,Unit 8: Practice in 3D,True,8,2024-04-07T00:00:00,Social Studies,2025-03-31T18:05:19.783375
"[""ASG854930""]",CRS878123,2025-03-31T18:05:19.777372,Conduct research on topics related to the course material. Module content relates to Research Applications.,7,2024-04-22T00:00:00,MOD062639,3D 9: Research Applications,False,9,2024-04-15T00:00:00,Social Studies,2025-03-31T18:05:19.783375
"[""ASG919214"", ""ASG901394""]",CRS878123,2025-03-31T18:05:19.777372,Students will learn the core concepts and principles. Module content relates to Theory in 3D.,8,2024-05-01T00:00:00,MOD939673,Unit 10: Theory in 3D,True,10,2024-04-23T00:00:00,Social Studies,2025-03-31T18:05:19.783375
"[""ASG300939"", ""ASG449253""]",CRS878123,2025-03-31T18:05:19.777372,This project-based module allows application of learned skills. Module content relates to 3D Project.,7,2024-05-09T00:00:00,MOD863598,Module 11: 3D Project,False,11,2024-05-02T00:00:00,Social Studies,2025-03-31T18:05:19.783375
"[""ASG975417""]",CRS878123,2025-03-31T18:05:19.777372,Work on a comprehensive project to solidify understanding. Module content relates to 3D Project.,7,2024-05-17T00:00:00,MOD287155,Module 12: 3D Project,True,12,2024-05-10T00:00:00,Social Studies,2025-03-31T18:05:19.783375
"[""ASG750763"", ""ASG410847""]",CRS878123,2025-03-31T18:05:19.777372,Work on a comprehensive project to solidify understanding. Module content relates to 3D Project.,8,2024-05-26T00:00:00,MOD513825,Module 13: 3D Project,True,13,2024-05-18T00:00:00,Social Studies,2025-03-31T18:05:19.783375
"[""ASG230509""]",CRS878123,2025-03-31T18:05:19.777372,Explore advanced concepts through guided research activities. Module content relates to 3D Research.,7,2024-06-03T00:00:00,MOD531121,Module 14: 3D Research,True,14,2024-05-27T00:00:00,Social Studies,2025-03-31T18:05:19.783375
"[""ASG862111""]",CRS878123,2025-03-31T18:05:19.777372,Explore advanced concepts through guided research activities. Module content relates to Research Applications.,7,2024-06-11T00:00:00,MOD222741,3D 15: Research Applications,False,15,2024-06-04T00:00:00,Social Studies,2025-03-31T18:05:19.783375
"[""ASG931335"", ""ASG985786""]",CRS878123,2025-03-31T18:05:19.777372,Work on a comprehensive project to solidify understanding. Module content relates to Project Applications.,4,2024-06-16T00:00:00,MOD778549,3D 16: Project Applications,True,16,2024-06-12T00:00:00,Social Studies,2025-03-31T18:05:19.783375
"[""ASG363315""]",CRS182491,2025-03-31T18:05:19.777372,Work on a comprehensive project to solidify understanding. Module content relates to Art Project.,7,2023-09-17T00:00:00,MOD961055,Module 1: Art Project,False,1,2023-09-10T00:00:00,History,2025-03-31T18:05:19.783375
"[""ASG257419"", ""ASG607681""]",CRS182491,2025-03-31T18:05:19.777372,This module focuses on research methodologies and applications. Module content relates to Research in Art.,8,2023-09-26T00:00:00,MOD871090,Unit 2: Research in Art,True,2,2023-09-18T00:00:00,History,2025-03-31T18:05:19.783375
"[""ASG546372"", ""ASG294647""]",CRS182491,2025-03-31T18:05:19.777372,This hands-on module focuses on developing practical skills. Module content relates to Practice Applications.,7,2023-10-04T00:00:00,MOD908617,Art 3: Practice Applications,True,3,2023-09-27T00:00:00,History,2025-03-31T18:05:19.783375
"[""ASG037477"", ""ASG473799""]",CRS182491,2025-03-31T18:05:19.777372,Apply theoretical knowledge through practical exercises and problems. Module content relates to Art Fundamentals.,7,2023-10-12T00:00:00,MOD357074,Practice 4: Art Fundamentals,True,4,2023-10-05T00:00:00,History,2025-03-31T18:05:19.783375
"[""ASG343395""]",CRS182491,2025-03-31T18:05:19.777372,Apply theoretical knowledge through practical exercises and problems. Module content relates to Art Practice.,7,2023-10-20T00:00:00,MOD829030,Module 5: Art Practice,False,5,2023-10-13T00:00:00,History,2025-03-31T18:05:19.783375
"[""ASG456126"", ""ASG277991""]",CRS182491,2025-03-31T18:05:19.777372,Conduct research on topics related to the course material. Module content relates to Art Fundamentals.,7,2023-10-28T00:00:00,MOD055488,Research 6: Art Fundamentals,True,6,2023-10-21T00:00:00,History,2025-03-31T18:05:19.783375
"[""ASG870590"", ""ASG014367""]",CRS182491,2025-03-31T18:05:19.777372,This module covers the theoretical foundations of the subject. Module content relates to Theory in Art.,7,2023-11-05T00:00:00,MOD844351,Unit 7: Theory in Art,False,7,2023-10-29T00:00:00,History,2025-03-31T18:05:19.783375
"[""ASG707084"", ""ASG702145""]",CRS182491,2025-03-31T18:05:19.777372,Practice core techniques through guided exercises and activities. Module content relates to Art Practice.,8,2023-11-14T00:00:00,MOD996627,Module 8: Art Practice,False,8,2023-11-06T00:00:00,History,2025-03-31T18:05:19.783375
"[""ASG616876"", ""ASG208839""]",CRS182491,2025-03-31T18:05:19.777372,Apply theoretical knowledge through practical exercises and problems. Module content relates to Art Practice - Part 9.,7,2023-11-22T00:00:00,MOD049859,Art Practice - Part 9,True,9,2023-11-15T00:00:00,History,2025-03-31T18:05:19.783375
"[""ASG355430""]",CRS182491,2025-03-31T18:05:19.777372,Work on a comprehensive project to solidify understanding. Module content relates to Project in Art.,3,2023-11-26T00:00:00,MOD413286,Unit 10: Project in Art,True,10,2023-11-23T00:00:00,History,2025-03-31T18:05:19.783375
"[""ASG705933""]",CRS171035,2025-03-31T18:05:19.777372,Explore advanced concepts through guided research activities. Module content relates to Research Applications.,20,2023-10-02T00:00:00,MOD229133,Engineering 1: Research Applications,True,1,2023-09-12T00:00:00,Art,2025-03-31T18:05:19.783375
"[""ASG002670""]",CRS171035,2025-03-31T18:05:19.777372,Work on a comprehensive project to solidify understanding. Module content relates to Engineering Project - Part 2.,13,2023-10-16T00:00:00,MOD978428,Engineering Project - Part 2,True,2,2023-10-03T00:00:00,Art,2025-03-31T18:05:19.783375
"[""ASG820960"", ""ASG199141""]",CRS171035,2025-03-31T18:05:19.777372,This module focuses on research methodologies and applications. Module content relates to Research Applications.,19,2023-11-05T00:00:00,MOD678234,Engineering 3: Research Applications,False,3,2023-10-17T00:00:00,Art,2025-03-31T18:05:19.783375
"[""ASG544688""]",CRS171035,2025-03-31T18:05:19.777372,This discussion-based module promotes critical thinking and analysis. Module content relates to Engineering Fundamentals.,15,2023-11-21T00:00:00,MOD724422,Discussion 4: Engineering Fundamentals,False,4,2023-11-06T00:00:00,Art,2025-03-31T18:05:19.783375
"[""ASG378808"", ""ASG696909""]",CRS171035,2025-03-31T18:05:19.777372,Develop and complete a project that demonstrates mastery of key concepts. Module content relates to Engineering Project - Part 5.,17,2023-12-09T00:00:00,MOD198507,Engineering Project - Part 5,False,5,2023-11-22T00:00:00,Art,2025-03-31T18:05:19.783375
"[""ASG576493""]",CRS171035,2025-03-31T18:05:19.777372,This module focuses on research methodologies and applications. Module content relates to Research in Engineering.,17,2023-12-27T00:00:00,MOD809749,Unit 6: Research in Engineering,False,6,2023-12-10T00:00:00,Art,2025-03-31T18:05:19.783375
"[""ASG334774""]",CRS171035,2025-03-31T18:05:19.777372,This discussion-based module promotes critical thinking and analysis. Module content relates to Discussion in Engineering.,22,2024-01-19T00:00:00,MOD059619,Unit 7: Discussion in Engineering,True,7,2023-12-28T00:00:00,Art,2025-03-31T18:05:19.783375
"[""ASG124638""]",CRS393309,2025-03-31T18:05:19.777372,Students will learn the core concepts and principles. Module content relates to Visual Theory.,7,2023-09-18T00:00:00,MOD711220,Module 1: Visual Theory,True,1,2023-09-11T00:00:00,Art,2025-03-31T18:05:19.783375
"[""ASG538436"", ""ASG658911""]",CRS393309,2025-03-31T18:05:19.777372,Apply theoretical knowledge through practical exercises and problems. Module content relates to Practice in Visual.,7,2023-09-26T00:00:00,MOD659000,Unit 2: Practice in Visual,True,2,2023-09-19T00:00:00,Art,2025-03-31T18:05:19.783375
"[""ASG027100""]",CRS393309,2025-03-31T18:05:19.777372,Students will learn the core concepts and principles. Module content relates to Visual Theory - Part 3.,7,2023-10-04T00:00:00,MOD794694,Visual Theory - Part 3,True,3,2023-09-27T00:00:00,Art,2025-03-31T18:05:19.783375
"[""ASG577200""]",CRS393309,2025-03-31T18:05:19.777372,This project-based module allows application of learned skills. Module content relates to Visual Fundamentals.,7,2023-10-12T00:00:00,MOD435968,Project 4: Visual Fundamentals,True,4,2023-10-05T00:00:00,Art,2025-03-31T18:05:19.783375
"[""ASG904610""]",CRS393309,2025-03-31T18:05:19.777372,Conduct research on topics related to the course material. Module content relates to Visual Research.,7,2023-10-20T00:00:00,MOD462068,Module 5: Visual Research,True,5,2023-10-13T00:00:00,Art,2025-03-31T18:05:19.783375
"[""ASG248264"", ""ASG027837""]",CRS393309,2025-03-31T18:05:19.777372,Explore the fundamental theories that underpin this subject area. Module content relates to Visual Theory.,7,2023-10-28T00:00:00,MOD847010,Module 6: Visual Theory,True,6,2023-10-21T00:00:00,Art,2025-03-31T18:05:19.783375
"[""ASG835365"", ""ASG680739""]",CRS393309,2025-03-31T18:05:19.777372,Explore advanced concepts through guided research activities. Module content relates to Research Applications.,7,2023-11-05T00:00:00,MOD193190,Visual 7: Research Applications,True,7,2023-10-29T00:00:00,Art,2025-03-31T18:05:19.783375
"[""ASG001286""]",CRS393309,2025-03-31T18:05:19.778377,This module covers the theoretical foundations of the subject. Module content relates to Theory Applications.,7,2023-11-13T00:00:00,MOD410734,Visual 8: Theory Applications,True,8,2023-11-06T00:00:00,Art,2025-03-31T18:05:19.783375
"[""ASG275003""]",CRS393309,2025-03-31T18:05:19.778377,Explore advanced concepts through guided research activities. Module content relates to Visual Research - Part 9.,8,2023-11-22T00:00:00,MOD288668,Visual Research - Part 9,True,9,2023-11-14T00:00:00,Art,2025-03-31T18:05:19.783375
"[""ASG760219"", ""ASG452482""]",CRS393309,2025-03-31T18:05:19.778377,Develop and complete a project that demonstrates mastery of key concepts. Module content relates to Visual Project.,7,2023-11-30T00:00:00,MOD443541,Module 10: Visual Project,False,10,2023-11-23T00:00:00,Art,2025-03-31T18:05:19.783375
"[""ASG817324"", ""ASG944177""]",CRS393309,2025-03-31T18:05:19.778377,This module focuses on research methodologies and applications. Module content relates to Visual Research - Part 11.,7,2023-12-08T00:00:00,MOD661128,Visual Research - Part 11,True,11,2023-12-01T00:00:00,Art,2025-03-31T18:05:19.783375
"[""ASG407614"", ""ASG712352""]",CRS393309,2025-03-31T18:05:19.778377,This discussion-based module promotes critical thinking and analysis. Module content relates to Discussion Applications.,7,2023-12-16T00:00:00,MOD516023,Visual 12: Discussion Applications,True,12,2023-12-09T00:00:00,Art,2025-03-31T18:05:19.783375
"[""ASG178478""]",CRS393309,2025-03-31T18:05:19.778377,Apply theoretical knowledge through practical exercises and problems. Module content relates to Practice in Visual.,7,2023-12-24T00:00:00,MOD515312,Unit 13: Practice in Visual,True,13,2023-12-17T00:00:00,Art,2025-03-31T18:05:19.783375
"[""ASG509895"", ""ASG120768""]",CRS393309,2025-03-31T18:05:19.778377,Engage in critical discussions about important topics in the field. Module content relates to Visual Discussion.,8,2024-01-02T00:00:00,MOD613314,Module 14: Visual Discussion,True,14,2023-12-25T00:00:00,Art,2025-03-31T18:05:19.783375
"[""ASG621628""]",CRS393309,2025-03-31T18:05:19.778377,Conduct research on topics related to the course material. Module content relates to Research in Visual.,7,2024-01-10T00:00:00,MOD364923,Unit 15: Research in Visual,True,15,2024-01-03T00:00:00,Art,2025-03-31T18:05:19.783375
"[""ASG591807"", ""ASG820040""]",CRS393309,2025-03-31T18:05:19.778377,This project-based module allows application of learned skills. Module content relates to Visual Project - Part 16.,4,2024-01-15T00:00:00,MOD962399,Visual Project - Part 16,False,16,2024-01-11T00:00:00,Art,2025-03-31T18:05:19.783375
"[""ASG276132""]",CRS843136,2025-03-31T18:05:19.778377,Participate in structured discussions to deepen understanding. Module content relates to Data Discussion - Part 1.,8,2024-02-15T00:00:00,MOD385897,Data Discussion - Part 1,True,1,2024-02-07T00:00:00,Computer Science,2025-03-31T18:05:19.783375
"[""ASG462866"", ""ASG859496""]",CRS843136,2025-03-31T18:05:19.778377,This module covers the theoretical foundations of the subject. Module content relates to Data Theory.,7,2024-02-23T00:00:00,MOD074629,Module 2: Data Theory,True,2,2024-02-16T00:00:00,Computer Science,2025-03-31T18:05:19.783375
"[""ASG482523"", ""ASG844204""]",CRS843136,2025-03-31T18:05:19.778377,This project-based module allows application of learned skills. Module content relates to Data Fundamentals.,7,2024-03-02T00:00:00,MOD463904,Project 3: Data Fundamentals,True,3,2024-02-24T00:00:00,Computer Science,2025-03-31T18:05:19.783375
"[""ASG096348"", ""ASG245916""]",CRS843136,2025-03-31T18:05:19.778377,This discussion-based module promotes critical thinking and analysis. Module content relates to Data Discussion - Part 4.,8,2024-03-11T00:00:00,MOD524017,Data Discussion - Part 4,False,4,2024-03-03T00:00:00,Computer Science,2025-03-31T18:05:19.783375
"[""ASG019560"", ""ASG518220""]",CRS843136,2025-03-31T18:05:19.778377,This module covers the theoretical foundations of the subject. Module content relates to Data Theory.,8,2024-03-20T00:00:00,MOD093213,Module 5: Data Theory,True,5,2024-03-12T00:00:00,Computer Science,2025-03-31T18:05:19.783375
"[""ASG561019""]",CRS843136,2025-03-31T18:05:19.778377,Apply theoretical knowledge through practical exercises and problems. Module content relates to Practice Applications.,8,2024-03-29T00:00:00,MOD179962,Data 6: Practice Applications,True,6,2024-03-21T00:00:00,Computer Science,2025-03-31T18:05:19.783375
"[""ASG897627"", ""ASG170283""]",CRS843136,2025-03-31T18:05:19.778377,Conduct research on topics related to the course material. Module content relates to Research Applications.,7,2024-04-06T00:00:00,MOD294779,Data 7: Research Applications,False,7,2024-03-30T00:00:00,Computer Science,2025-03-31T18:05:19.783375
"[""ASG229644""]",CRS843136,2025-03-31T18:05:19.778377,This module focuses on research methodologies and applications. Module content relates to Data Research.,8,2024-04-15T00:00:00,MOD681594,Module 8: Data Research,True,8,2024-04-07T00:00:00,Computer Science,2025-03-31T18:05:19.783375
"[""ASG843419""]",CRS843136,2025-03-31T18:05:19.778377,This discussion-based module promotes critical thinking and analysis. Module content relates to Discussion in Data.,7,2024-04-23T00:00:00,MOD640872,Unit 9: Discussion in Data,False,9,2024-04-16T00:00:00,Computer Science,2025-03-31T18:05:19.783375
"[""ASG917179""]",CRS843136,2025-03-31T18:05:19.778377,This discussion-based module promotes critical thinking and analysis. Module content relates to Discussion in Data.,7,2024-05-01T00:00:00,MOD471982,Unit 10: Discussion in Data,True,10,2024-04-24T00:00:00,Computer Science,2025-03-31T18:05:19.783375
"[""ASG106354""]",CRS843136,2025-03-31T18:05:19.778377,This discussion-based module promotes critical thinking and analysis. Module content relates to Data Discussion.,7,2024-05-09T00:00:00,MOD515947,Module 11: Data Discussion,True,11,2024-05-02T00:00:00,Computer Science,2025-03-31T18:05:19.783375
"[""ASG454828"", ""ASG330761""]",CRS843136,2025-03-31T18:05:19.778377,Conduct research on topics related to the course material. Module content relates to Research Applications.,7,2024-05-17T00:00:00,MOD572880,Data 12: Research Applications,True,12,2024-05-10T00:00:00,Computer Science,2025-03-31T18:05:19.783375
"[""ASG760707"", ""ASG690106""]",CRS843136,2025-03-31T18:05:19.778377,Work on a comprehensive project to solidify understanding. Module content relates to Project in Data.,8,2024-05-26T00:00:00,MOD524521,Unit 13: Project in Data,True,13,2024-05-18T00:00:00,Computer Science,2025-03-31T18:05:19.783375
"[""ASG881481""]",CRS843136,2025-03-31T18:05:19.778377,Practice core techniques through guided exercises and activities. Module content relates to Data Fundamentals.,7,2024-06-03T00:00:00,MOD020340,Practice 14: Data Fundamentals,True,14,2024-05-27T00:00:00,Computer Science,2025-03-31T18:05:19.783375
"[""ASG177630""]",CRS843136,2025-03-31T18:05:19.778377,This discussion-based module promotes critical thinking and analysis. Module content relates to Discussion Applications.,1,2024-06-05T00:00:00,MOD249109,Data 15: Discussion Applications,True,15,2024-06-04T00:00:00,Computer Science,2025-03-31T18:05:19.783375
"[""ASG833656""]",CRS159759,2025-03-31T18:05:19.778377,Students will learn the core concepts and principles. Module content relates to Theory in Algebra.,7,2024-02-14T00:00:00,MOD677486,Unit 1: Theory in Algebra,True,1,2024-02-07T00:00:00,Foreign Language,2025-03-31T18:05:19.783375
"[""ASG212010"", ""ASG077532""]",CRS159759,2025-03-31T18:05:19.778377,This project-based module allows application of learned skills. Module content relates to Algebra Fundamentals.,7,2024-02-22T00:00:00,MOD653985,Project 2: Algebra Fundamentals,True,2,2024-02-15T00:00:00,Foreign Language,2025-03-31T18:05:19.783375
"[""ASG551376"", ""ASG762552""]",CRS159759,2025-03-31T18:05:19.778377,Participate in structured discussions to deepen understanding. Module content relates to Discussion in Algebra.,8,2024-03-02T00:00:00,MOD098782,Unit 3: Discussion in Algebra,False,3,2024-02-23T00:00:00,Foreign Language,2025-03-31T18:05:19.783375
"[""ASG895825"", ""ASG414138""]",CRS159759,2025-03-31T18:05:19.778377,Practice core techniques through guided exercises and activities. Module content relates to Practice in Algebra.,7,2024-03-10T00:00:00,MOD068078,Unit 4: Practice in Algebra,True,4,2024-03-03T00:00:00,Foreign Language,2025-03-31T18:05:19.783375
"[""ASG401128"", ""ASG823163""]",CRS159759,2025-03-31T18:05:19.778377,Apply theoretical knowledge through practical exercises and problems. Module content relates to Practice Applications.,7,2024-03-18T00:00:00,MOD291929,Algebra 5: Practice Applications,True,5,2024-03-11T00:00:00,Foreign Language,2025-03-31T18:05:19.783375
"[""ASG222733"", ""ASG782458""]",CRS159759,2025-03-31T18:05:19.778377,Practice core techniques through guided exercises and activities. Module content relates to Algebra Fundamentals.,8,2024-03-27T00:00:00,MOD233036,Practice 6: Algebra Fundamentals,True,6,2024-03-19T00:00:00,Foreign Language,2025-03-31T18:05:19.783375
"[""ASG863186"", ""ASG789817""]",CRS159759,2025-03-31T18:05:19.778377,This module covers the theoretical foundations of the subject. Module content relates to Algebra Theory - Part 7.,9,2024-04-06T00:00:00,MOD512396,Algebra Theory - Part 7,True,7,2024-03-28T00:00:00,Foreign Language,2025-03-31T18:05:19.783375
"[""ASG345972"", ""ASG160344""]",CRS159759,2025-03-31T18:05:19.778377,This discussion-based module promotes critical thinking and analysis. Module content relates to Algebra Discussion - Part 8.,8,2024-04-15T00:00:00,MOD473197,Algebra Discussion - Part 8,True,8,2024-04-07T00:00:00,Foreign Language,2025-03-31T18:05:19.783375
"[""ASG071520""]",CRS159759,2025-03-31T18:05:19.778377,This module focuses on research methodologies and applications. Module content relates to Algebra Fundamentals.,7,2024-04-23T00:00:00,MOD593121,Research 9: Algebra Fundamentals,True,9,2024-04-16T00:00:00,Foreign Language,2025-03-31T18:05:19.783375
"[""ASG069799"", ""ASG321412""]",CRS159759,2025-03-31T18:05:19.778377,Explore the fundamental theories that underpin this subject area. Module content relates to Algebra Theory - Part 10.,7,2024-05-01T00:00:00,MOD713510,Algebra Theory - Part 10,False,10,2024-04-24T00:00:00,Foreign Language,2025-03-31T18:05:19.783375
"[""ASG462766""]",CRS159759,2025-03-31T18:05:19.778377,Participate in structured discussions to deepen understanding. Module content relates to Discussion Applications.,8,2024-05-10T00:00:00,MOD104763,Algebra 11: Discussion Applications,True,11,2024-05-02T00:00:00,Foreign Language,2025-03-31T18:05:19.783375
"[""ASG415332"", ""ASG012265""]",CRS159759,2025-03-31T18:05:19.778377,Develop and complete a project that demonstrates mastery of key concepts. Module content relates to Algebra Project - Part 12.,7,2024-05-18T00:00:00,MOD724710,Algebra Project - Part 12,True,12,2024-05-11T00:00:00,Foreign Language,2025-03-31T18:05:19.783375
"[""ASG266239"", ""ASG507024""]",CRS159759,2025-03-31T18:05:19.778377,This module focuses on research methodologies and applications. Module content relates to Research in Algebra.,7,2024-05-26T00:00:00,MOD345464,Unit 13: Research in Algebra,False,13,2024-05-19T00:00:00,Foreign Language,2025-03-31T18:05:19.783375
"[""ASG701546"", ""ASG136263""]",CRS159759,2025-03-31T18:05:19.778377,Students will learn the core concepts and principles. Module content relates to Algebra Fundamentals.,2,2024-05-29T00:00:00,MOD333720,Theory 14: Algebra Fundamentals,False,14,2024-05-27T00:00:00,Foreign Language,2025-03-31T18:05:19.783375
"[""ASG283898""]",CRS435216,2025-03-31T18:05:19.778377,This module focuses on research methodologies and applications. Module content relates to Mobile Fundamentals.,8,2023-09-09T00:00:00,MOD918678,Research 1: Mobile Fundamentals,True,1,2023-09-01T00:00:00,Computer Science,2025-03-31T18:05:19.783375
"[""ASG978688"", ""ASG375545""]",CRS435216,2025-03-31T18:05:19.778377,This module focuses on research methodologies and applications. Module content relates to Mobile Fundamentals.,8,2023-09-18T00:00:00,MOD810128,Research 2: Mobile Fundamentals,False,2,2023-09-10T00:00:00,Computer Science,2025-03-31T18:05:19.783375
"[""ASG442622""]",CRS435216,2025-03-31T18:05:19.778377,Apply theoretical knowledge through practical exercises and problems. Module content relates to Mobile Fundamentals.,7,2023-09-26T00:00:00,MOD762248,Practice 3: Mobile Fundamentals,True,3,2023-09-19T00:00:00,Computer Science,2025-03-31T18:05:19.783375
"[""ASG583643""]",CRS435216,2025-03-31T18:05:19.778377,Participate in structured discussions to deepen understanding. Module content relates to Discussion Applications.,7,2023-10-04T00:00:00,MOD078207,Mobile 4: Discussion Applications,True,4,2023-09-27T00:00:00,Computer Science,2025-03-31T18:05:19.783375
"[""ASG991373""]",CRS435216,2025-03-31T18:05:19.778377,Participate in structured discussions to deepen understanding. Module content relates to Mobile Fundamentals.,7,2023-10-12T00:00:00,MOD557801,Discussion 5: Mobile Fundamentals,True,5,2023-10-05T00:00:00,Computer Science,2025-03-31T18:05:19.783375
"[""ASG504750"", ""ASG109209""]",CRS435216,2025-03-31T18:05:19.778377,This project-based module allows application of learned skills. Module content relates to Project Applications.,8,2023-10-21T00:00:00,MOD618817,Mobile 6: Project Applications,False,6,2023-10-13T00:00:00,Computer Science,2025-03-31T18:05:19.783375
"[""ASG849779"", ""ASG356295""]",CRS435216,2025-03-31T18:05:19.778377,Conduct research on topics related to the course material. Module content relates to Mobile Research.,7,2023-10-29T00:00:00,MOD216349,Module 7: Mobile Research,True,7,2023-10-22T00:00:00,Computer Science,2025-03-31T18:05:19.783375
"[""ASG379253"", ""ASG078634""]",CRS435216,2025-03-31T18:05:19.778377,Develop and complete a project that demonstrates mastery of key concepts. Module content relates to Project in Mobile.,8,2023-11-07T00:00:00,MOD009682,Unit 8: Project in Mobile,True,8,2023-10-30T00:00:00,Computer Science,2025-03-31T18:05:19.783375
"[""ASG340203"", ""ASG360525""]",CRS435216,2025-03-31T18:05:19.778377,Conduct research on topics related to the course material. Module content relates to Mobile Fundamentals.,8,2023-11-16T00:00:00,MOD894167,Research 9: Mobile Fundamentals,False,9,2023-11-08T00:00:00,Computer Science,2025-03-31T18:05:19.783375
"[""ASG285739""]",CRS435216,2025-03-31T18:05:19.778377,Work on a comprehensive project to solidify understanding. Module content relates to Project Applications.,7,2023-11-24T00:00:00,MOD332745,Mobile 10: Project Applications,True,10,2023-11-17T00:00:00,Computer Science,2025-03-31T18:05:19.783375
"[""ASG105099""]",CRS435216,2025-03-31T18:05:19.778377,This module covers the theoretical foundations of the subject. Module content relates to Theory Applications.,7,2023-12-02T00:00:00,MOD807243,Mobile 11: Theory Applications,False,11,2023-11-25T00:00:00,Computer Science,2025-03-31T18:05:19.783375
"[""ASG448867"", ""ASG647638""]",CRS435216,2025-03-31T18:05:19.778377,Practice core techniques through guided exercises and activities. Module content relates to Practice in Mobile.,7,2023-12-10T00:00:00,MOD119254,Unit 12: Practice in Mobile,False,12,2023-12-03T00:00:00,Computer Science,2025-03-31T18:05:19.783375
"[""ASG093324"", ""ASG605945""]",CRS435216,2025-03-31T18:05:19.778377,This module focuses on research methodologies and applications. Module content relates to Mobile Fundamentals.,7,2023-12-18T00:00:00,MOD954048,Research 13: Mobile Fundamentals,True,13,2023-12-11T00:00:00,Computer Science,2025-03-31T18:05:19.783375
"[""ASG078986"", ""ASG604843""]",CRS435216,2025-03-31T18:05:19.778377,Conduct research on topics related to the course material. Module content relates to Mobile Research - Part 14.,7,2023-12-26T00:00:00,MOD829013,Mobile Research - Part 14,True,14,2023-12-19T00:00:00,Computer Science,2025-03-31T18:05:19.783375
"[""ASG639359""]",CRS435216,2025-03-31T18:05:19.778377,This discussion-based module promotes critical thinking and analysis. Module content relates to Discussion in Mobile.,7,2024-01-03T00:00:00,MOD986023,Unit 15: Discussion in Mobile,False,15,2023-12-27T00:00:00,Computer Science,2025-03-31T18:05:19.783375
"[""ASG541865""]",CRS435216,2025-03-31T18:05:19.778377,Explore advanced concepts through guided research activities. Module content relates to Research in Mobile.,1,2024-01-05T00:00:00,MOD890252,Unit 16: Research in Mobile,True,16,2024-01-04T00:00:00,Computer Science,2025-03-31T18:05:19.783375
"[""ASG923573""]",CRS242944,2025-03-31T18:05:19.778377,Engage in critical discussions about important topics in the field. Module content relates to Discussion in Poetry.,8,2023-09-11T00:00:00,MOD317207,Unit 1: Discussion in Poetry,True,1,2023-09-03T00:00:00,Physical Education,2025-03-31T18:05:19.783375
"[""ASG883961""]",CRS242944,2025-03-31T18:05:19.778377,Practice core techniques through guided exercises and activities. Module content relates to Practice in Poetry.,7,2023-09-19T00:00:00,MOD638265,Unit 2: Practice in Poetry,True,2,2023-09-12T00:00:00,Physical Education,2025-03-31T18:05:19.783375
"[""ASG011228""]",CRS242944,2025-03-31T18:05:19.778377,This module focuses on research methodologies and applications. Module content relates to Research in Poetry.,8,2023-09-28T00:00:00,MOD830737,Unit 3: Research in Poetry,True,3,2023-09-20T00:00:00,Physical Education,2025-03-31T18:05:19.783375
"[""ASG037362"", ""ASG765618""]",CRS242944,2025-03-31T18:05:19.778377,Conduct research on topics related to the course material. Module content relates to Poetry Fundamentals.,8,2023-10-07T00:00:00,MOD831970,Research 4: Poetry Fundamentals,True,4,2023-09-29T00:00:00,Physical Education,2025-03-31T18:05:19.783375
"[""ASG214716"", ""ASG729863""]",CRS242944,2025-03-31T18:05:19.778377,Work on a comprehensive project to solidify understanding. Module content relates to Project Applications.,7,2023-10-15T00:00:00,MOD064029,Poetry 5: Project Applications,False,5,2023-10-08T00:00:00,Physical Education,2025-03-31T18:05:19.783375
"[""ASG485573""]",CRS242944,2025-03-31T18:05:19.778377,Explore the fundamental theories that underpin this subject area. Module content relates to Poetry Fundamentals.,7,2023-10-23T00:00:00,MOD992907,Theory 6: Poetry Fundamentals,True,6,2023-10-16T00:00:00,Physical Education,2025-03-31T18:05:19.783375
"[""ASG823751""]",CRS242944,2025-03-31T18:05:19.778377,This discussion-based module promotes critical thinking and analysis. Module content relates to Poetry Discussion.,7,2023-10-31T00:00:00,MOD033496,Module 7: Poetry Discussion,True,7,2023-10-24T00:00:00,Physical Education,2025-03-31T18:05:19.783375
"[""ASG887906""]",CRS242944,2025-03-31T18:05:19.778377,Develop and complete a project that demonstrates mastery of key concepts. Module content relates to Project in Poetry.,8,2023-11-09T00:00:00,MOD669246,Unit 8: Project in Poetry,True,8,2023-11-01T00:00:00,Physical Education,2025-03-31T18:05:19.783375
"[""ASG634416"", ""ASG650186""]",CRS242944,2025-03-31T18:05:19.778377,Engage in critical discussions about important topics in the field. Module content relates to Discussion Applications.,2,2023-11-12T00:00:00,MOD157034,Poetry 9: Discussion Applications,True,9,2023-11-10T00:00:00,Physical Education,2025-03-31T18:05:19.783375
"[""ASG308906"", ""ASG309755""]",CRS273627,2025-03-31T18:05:19.778377,Practice core techniques through guided exercises and activities. Module content relates to National Fundamentals.,7,2023-09-18T00:00:00,MOD091251,Practice 1: National Fundamentals,True,1,2023-09-11T00:00:00,History,2025-03-31T18:05:19.783375
"[""ASG969306""]",CRS273627,2025-03-31T18:05:19.778377,This module focuses on research methodologies and applications. Module content relates to National Research - Part 2.,7,2023-09-26T00:00:00,MOD917847,National Research - Part 2,True,2,2023-09-19T00:00:00,History,2025-03-31T18:05:19.783375
"[""ASG551805"", ""ASG578865""]",CRS273627,2025-03-31T18:05:19.778377,Practice core techniques through guided exercises and activities. Module content relates to National Fundamentals.,8,2023-10-05T00:00:00,MOD392010,Practice 3: National Fundamentals,True,3,2023-09-27T00:00:00,History,2025-03-31T18:05:19.783375
"[""ASG646242"", ""ASG866886""]",CRS273627,2025-03-31T18:05:19.778377,Engage in critical discussions about important topics in the field. Module content relates to Discussion in National.,7,2023-10-13T00:00:00,MOD939961,Unit 4: Discussion in National,True,4,2023-10-06T00:00:00,History,2025-03-31T18:05:19.783375
"[""ASG387831""]",CRS273627,2025-03-31T18:05:19.778377,This module focuses on research methodologies and applications. Module content relates to National Research - Part 5.,7,2023-10-21T00:00:00,MOD415289,National Research - Part 5,True,5,2023-10-14T00:00:00,History,2025-03-31T18:05:19.783375
"[""ASG427314""]",CRS273627,2025-03-31T18:05:19.778377,This hands-on module focuses on developing practical skills. Module content relates to National Practice - Part 6.,7,2023-10-29T00:00:00,MOD137710,National Practice - Part 6,True,6,2023-10-22T00:00:00,History,2025-03-31T18:05:19.783375
"[""ASG811793"", ""ASG979869""]",CRS273627,2025-03-31T18:05:19.778377,This module focuses on research methodologies and applications. Module content relates to National Research - Part 7.,7,2023-11-06T00:00:00,MOD958364,National Research - Part 7,True,7,2023-10-30T00:00:00,History,2025-03-31T18:05:19.783375
"[""ASG988202""]",CRS273627,2025-03-31T18:05:19.778377,Students will learn the core concepts and principles. Module content relates to National Theory - Part 8.,7,2023-11-14T00:00:00,MOD467390,National Theory - Part 8,True,8,2023-11-07T00:00:00,History,2025-03-31T18:05:19.783375
"[""ASG628516""]",CRS273627,2025-03-31T18:05:19.778377,Explore advanced concepts through guided research activities. Module content relates to National Research.,7,2023-11-22T00:00:00,MOD792974,Module 9: National Research,False,9,2023-11-15T00:00:00,History,2025-03-31T18:05:19.783375
"[""ASG308073"", ""ASG456812""]",CRS273627,2025-03-31T18:05:19.778377,Explore advanced concepts through guided research activities. Module content relates to Research Applications.,7,2023-11-30T00:00:00,MOD308609,National 10: Research Applications,True,10,2023-11-23T00:00:00,History,2025-03-31T18:05:19.783375
"[""ASG695428""]",CRS273627,2025-03-31T18:05:19.778377,Practice core techniques through guided exercises and activities. Module content relates to Practice in National.,7,2023-12-08T00:00:00,MOD578008,Unit 11: Practice in National,False,11,2023-12-01T00:00:00,History,2025-03-31T18:05:19.783375
"[""ASG545984""]",CRS273627,2025-03-31T18:05:19.778377,This project-based module allows application of learned skills. Module content relates to National Fundamentals.,7,2023-12-16T00:00:00,MOD132313,Project 12: National Fundamentals,True,12,2023-12-09T00:00:00,History,2025-03-31T18:05:19.783375
"[""ASG824739""]",CRS273627,2025-03-31T18:05:19.778377,Develop and complete a project that demonstrates mastery of key concepts. Module content relates to National Project.,1,2023-12-18T00:00:00,MOD156426,Module 13: National Project,True,13,2023-12-17T00:00:00,History,2025-03-31T18:05:19.783375
"[""ASG189831"", ""ASG790570""]",CRS687693,2025-03-31T18:05:19.778377,Participate in structured discussions to deepen understanding. Module content relates to Sociology Discussion - Part 1.,12,2023-09-14T00:00:00,MOD289873,Sociology Discussion - Part 1,True,1,2023-09-02T00:00:00,Social Studies,2025-03-31T18:05:19.783375
"[""ASG488701""]",CRS687693,2025-03-31T18:05:19.778377,Practice core techniques through guided exercises and activities. Module content relates to Sociology Practice - Part 2.,10,2023-09-25T00:00:00,MOD369400,Sociology Practice - Part 2,True,2,2023-09-15T00:00:00,Social Studies,2025-03-31T18:05:19.783375
"[""ASG865705"", ""ASG709988""]",CRS687693,2025-03-31T18:05:19.778377,This module focuses on research methodologies and applications. Module content relates to Sociology Fundamentals.,12,2023-10-08T00:00:00,MOD714844,Research 3: Sociology Fundamentals,False,3,2023-09-26T00:00:00,Social Studies,2025-03-31T18:05:19.783375
"[""ASG496819"", ""ASG213958""]",CRS687693,2025-03-31T18:05:19.778377,Explore advanced concepts through guided research activities. Module content relates to Sociology Research - Part 4.,15,2023-10-24T00:00:00,MOD322760,Sociology Research - Part 4,True,4,2023-10-09T00:00:00,Social Studies,2025-03-31T18:05:19.783375
"[""ASG777760"", ""ASG339604""]",CRS687693,2025-03-31T18:05:19.778377,Students will learn the core concepts and principles. Module content relates to Sociology Theory.,14,2023-11-08T00:00:00,MOD950412,Module 5: Sociology Theory,True,5,2023-10-25T00:00:00,Social Studies,2025-03-31T18:05:19.783375
"[""ASG448865""]",CRS687693,2025-03-31T18:05:19.778377,Engage in critical discussions about important topics in the field. Module content relates to Sociology Fundamentals.,12,2023-11-21T00:00:00,MOD384513,Discussion 6: Sociology Fundamentals,True,6,2023-11-09T00:00:00,Social Studies,2025-03-31T18:05:19.783375
"[""ASG396967""]",CRS687693,2025-03-31T18:05:19.778377,Students will learn the core concepts and principles. Module content relates to Sociology Theory - Part 7.,10,2023-12-02T00:00:00,MOD700955,Sociology Theory - Part 7,True,7,2023-11-22T00:00:00,Social Studies,2025-03-31T18:05:19.783375
"[""ASG836153"", ""ASG685868""]",CRS408913,2025-03-31T18:05:19.778377,Work on a comprehensive project to solidify understanding. Module content relates to Physics Fundamentals.,7,2023-09-08T00:00:00,MOD957934,Project 1: Physics Fundamentals,True,1,2023-09-01T00:00:00,Science,2025-03-31T18:05:19.783375
"[""ASG912366"", ""ASG531790""]",CRS408913,2025-03-31T18:05:19.778377,This discussion-based module promotes critical thinking and analysis. Module content relates to Physics Discussion - Part 2.,8,2023-09-17T00:00:00,MOD003021,Physics Discussion - Part 2,True,2,2023-09-09T00:00:00,Science,2025-03-31T18:05:19.783375
"[""ASG269335""]",CRS408913,2025-03-31T18:05:19.778377,This discussion-based module promotes critical thinking and analysis. Module content relates to Physics Discussion.,7,2023-09-25T00:00:00,MOD153764,Module 3: Physics Discussion,False,3,2023-09-18T00:00:00,Science,2025-03-31T18:05:19.783375
"[""ASG559428"", ""ASG571571""]",CRS408913,2025-03-31T18:05:19.778377,Engage in critical discussions about important topics in the field. Module content relates to Discussion in Physics.,8,2023-10-04T00:00:00,MOD492009,Unit 4: Discussion in Physics,True,4,2023-09-26T00:00:00,Science,2025-03-31T18:05:19.783375
"[""ASG374820""]",CRS408913,2025-03-31T18:05:19.778377,Students will learn the core concepts and principles. Module content relates to Physics Theory - Part 5.,9,2023-10-14T00:00:00,MOD716367,Physics Theory - Part 5,True,5,2023-10-05T00:00:00,Science,2025-03-31T18:05:19.783375
"[""ASG681216""]",CRS408913,2025-03-31T18:05:19.778377,Engage in critical discussions about important topics in the field. Module content relates to Physics Fundamentals.,7,2023-10-22T00:00:00,MOD410300,Discussion 6: Physics Fundamentals,True,6,2023-10-15T00:00:00,Science,2025-03-31T18:05:19.783375
"[""ASG798936"", ""ASG343922""]",CRS408913,2025-03-31T18:05:19.778377,Students will learn the core concepts and principles. Module content relates to Physics Theory - Part 7.,8,2023-10-31T00:00:00,MOD858290,Physics Theory - Part 7,True,7,2023-10-23T00:00:00,Science,2025-03-31T18:05:19.783375
"[""ASG399060"", ""ASG996582""]",CRS408913,2025-03-31T18:05:19.778377,This project-based module allows application of learned skills. Module content relates to Physics Project.,8,2023-11-09T00:00:00,MOD722111,Module 8: Physics Project,False,8,2023-11-01T00:00:00,Science,2025-03-31T18:05:19.783375
"[""ASG721892""]",CRS408913,2025-03-31T18:05:19.778377,This project-based module allows application of learned skills. Module content relates to Project Applications.,7,2023-11-17T00:00:00,MOD343903,Physics 9: Project Applications,True,9,2023-11-10T00:00:00,Science,2025-03-31T18:05:19.783375
"[""ASG378278""]",CRS408913,2025-03-31T18:05:19.778377,Practice core techniques through guided exercises and activities. Module content relates to Practice in Physics.,8,2023-11-26T00:00:00,MOD881357,Unit 10: Practice in Physics,True,10,2023-11-18T00:00:00,Science,2025-03-31T18:05:19.783375
"[""ASG897407"", ""ASG145226""]",CRS408913,2025-03-31T18:05:19.778377,Explore advanced concepts through guided research activities. Module content relates to Physics Research - Part 11.,8,2023-12-05T00:00:00,MOD091430,Physics Research - Part 11,True,11,2023-11-27T00:00:00,Science,2025-03-31T18:05:19.783375
"[""ASG886895"", ""ASG640603""]",CRS408913,2025-03-31T18:05:19.778377,Apply theoretical knowledge through practical exercises and problems. Module content relates to Physics Practice - Part 12.,23,2023-12-29T00:00:00,MOD531267,Physics Practice - Part 12,False,12,2023-12-06T00:00:00,Science,2025-03-31T18:05:19.783375
"[""ASG426021""]",CRS923542,2025-03-31T18:05:19.778377,Engage in critical discussions about important topics in the field. Module content relates to Discussion in Chemistry.,8,2024-02-13T00:00:00,MOD212180,Unit 1: Discussion in Chemistry,True,1,2024-02-05T00:00:00,Foreign Language,2025-03-31T18:05:19.783375
"[""ASG356991"", ""ASG019787""]",CRS923542,2025-03-31T18:05:19.778377,Work on a comprehensive project to solidify understanding. Module content relates to Chemistry Project.,8,2024-02-22T00:00:00,MOD281689,Module 2: Chemistry Project,True,2,2024-02-14T00:00:00,Foreign Language,2025-03-31T18:05:19.783375
"[""ASG980882"", ""ASG132843""]",CRS923542,2025-03-31T18:05:19.778377,This module focuses on research methodologies and applications. Module content relates to Research in Chemistry.,7,2024-03-01T00:00:00,MOD344611,Unit 3: Research in Chemistry,False,3,2024-02-23T00:00:00,Foreign Language,2025-03-31T18:05:19.783375
"[""ASG893494"", ""ASG990687""]",CRS923542,2025-03-31T18:05:19.778377,Develop and complete a project that demonstrates mastery of key concepts. Module content relates to Chemistry Fundamentals.,7,2024-03-09T00:00:00,MOD007756,Project 4: Chemistry Fundamentals,True,4,2024-03-02T00:00:00,Foreign Language,2025-03-31T18:05:19.783375
"[""ASG728143""]",CRS923542,2025-03-31T18:05:19.778377,Practice core techniques through guided exercises and activities. Module content relates to Practice in Chemistry.,7,2024-03-17T00:00:00,MOD283992,Unit 5: Practice in Chemistry,True,5,2024-03-10T00:00:00,Foreign Language,2025-03-31T18:05:19.783375
"[""ASG879599"", ""ASG572024""]",CRS923542,2025-03-31T18:05:19.778377,Explore the fundamental theories that underpin this subject area. Module content relates to Theory Applications.,8,2024-03-26T00:00:00,MOD459074,Chemistry 6: Theory Applications,True,6,2024-03-18T00:00:00,Foreign Language,2025-03-31T18:05:19.783375
"[""ASG687906"", ""ASG062170""]",CRS923542,2025-03-31T18:05:19.778377,Students will learn the core concepts and principles. Module content relates to Theory in Chemistry.,7,2024-04-03T00:00:00,MOD397236,Unit 7: Theory in Chemistry,True,7,2024-03-27T00:00:00,Foreign Language,2025-03-31T18:05:19.783375
"[""ASG389318""]",CRS923542,2025-03-31T18:05:19.778377,This project-based module allows application of learned skills. Module content relates to Chemistry Project - Part 8.,8,2024-04-12T00:00:00,MOD277395,Chemistry Project - Part 8,True,8,2024-04-04T00:00:00,Foreign Language,2025-03-31T18:05:19.783375
"[""ASG258656""]",CRS923542,2025-03-31T18:05:19.778377,This module covers the theoretical foundations of the subject. Module content relates to Chemistry Fundamentals.,7,2024-04-20T00:00:00,MOD300827,Theory 9: Chemistry Fundamentals,False,9,2024-04-13T00:00:00,Foreign Language,2025-03-31T18:05:19.783375
"[""ASG550931"", ""ASG014111""]",CRS923542,2025-03-31T18:05:19.778377,Apply theoretical knowledge through practical exercises and problems. Module content relates to Chemistry Fundamentals.,7,2024-04-28T00:00:00,MOD376648,Practice 10: Chemistry Fundamentals,True,10,2024-04-21T00:00:00,Foreign Language,2025-03-31T18:05:19.783375
"[""ASG659964"", ""ASG787627""]",CRS923542,2025-03-31T18:05:19.778377,This project-based module allows application of learned skills. Module content relates to Chemistry Project - Part 11.,8,2024-05-07T00:00:00,MOD874574,Chemistry Project - Part 11,True,11,2024-04-29T00:00:00,Foreign Language,2025-03-31T18:05:19.783375
"[""ASG697504"", ""ASG117033""]",CRS923542,2025-03-31T18:05:19.778377,This module focuses on research methodologies and applications. Module content relates to Chemistry Research - Part 12.,5,2024-05-13T00:00:00,MOD415249,Chemistry Research - Part 12,True,12,2024-05-08T00:00:00,Foreign Language,2025-03-31T18:05:19.783375
"[""ASG575498""]",CRS596208,2025-03-31T18:05:19.778377,This module covers the theoretical foundations of the subject. Module content relates to Theory in Literature.,7,2023-09-13T00:00:00,MOD065581,Unit 1: Theory in Literature,True,1,2023-09-06T00:00:00,Literature,2025-03-31T18:05:19.783375
"[""ASG145279"", ""ASG642360""]",CRS596208,2025-03-31T18:05:19.778377,This hands-on module focuses on developing practical skills. Module content relates to Literature Practice.,7,2023-09-21T00:00:00,MOD708943,Module 2: Literature Practice,True,2,2023-09-14T00:00:00,Literature,2025-03-31T18:05:19.783375
"[""ASG989353""]",CRS596208,2025-03-31T18:05:19.778377,Conduct research on topics related to the course material. Module content relates to Literature Research - Part 3.,8,2023-09-30T00:00:00,MOD205269,Literature Research - Part 3,True,3,2023-09-22T00:00:00,Literature,2025-03-31T18:05:19.783375
"[""ASG360574""]",CRS596208,2025-03-31T18:05:19.778377,Explore the fundamental theories that underpin this subject area. Module content relates to Literature Fundamentals.,7,2023-10-08T00:00:00,MOD714725,Theory 4: Literature Fundamentals,True,4,2023-10-01T00:00:00,Literature,2025-03-31T18:05:19.783375
"[""ASG957913"", ""ASG053879""]",CRS596208,2025-03-31T18:05:19.779376,Explore the fundamental theories that underpin this subject area. Module content relates to Literature Fundamentals.,7,2023-10-16T00:00:00,MOD419348,Theory 5: Literature Fundamentals,False,5,2023-10-09T00:00:00,Literature,2025-03-31T18:05:19.783375
"[""ASG518773""]",CRS596208,2025-03-31T18:05:19.779376,Explore advanced concepts through guided research activities. Module content relates to Literature Fundamentals.,7,2023-10-24T00:00:00,MOD612260,Research 6: Literature Fundamentals,False,6,2023-10-17T00:00:00,Literature,2025-03-31T18:05:19.783375
"[""ASG416041"", ""ASG050090""]",CRS596208,2025-03-31T18:05:19.779376,Students will learn the core concepts and principles. Module content relates to Literature Theory - Part 7.,7,2023-11-01T00:00:00,MOD287457,Literature Theory - Part 7,True,7,2023-10-25T00:00:00,Literature,2025-03-31T18:05:19.785381
"[""ASG205048"", ""ASG722006""]",CRS596208,2025-03-31T18:05:19.779376,Work on a comprehensive project to solidify understanding. Module content relates to Literature Project.,8,2023-11-10T00:00:00,MOD137089,Module 8: Literature Project,True,8,2023-11-02T00:00:00,Literature,2025-03-31T18:05:19.785381
"[""ASG312532"", ""ASG475105""]",CRS596208,2025-03-31T18:05:19.779376,Apply theoretical knowledge through practical exercises and problems. Module content relates to Literature Fundamentals.,7,2023-11-18T00:00:00,MOD562348,Practice 9: Literature Fundamentals,True,9,2023-11-11T00:00:00,Literature,2025-03-31T18:05:19.785381
"[""ASG653487""]",CRS596208,2025-03-31T18:05:19.779376,This hands-on module focuses on developing practical skills. Module content relates to Literature Practice.,7,2023-11-26T00:00:00,MOD078832,Module 10: Literature Practice,True,10,2023-11-19T00:00:00,Literature,2025-03-31T18:05:19.785381
"[""ASG936446"", ""ASG133588""]",CRS596208,2025-03-31T18:05:19.779376,Develop and complete a project that demonstrates mastery of key concepts. Module content relates to Project in Literature.,7,2023-12-04T00:00:00,MOD451397,Unit 11: Project in Literature,True,11,2023-11-27T00:00:00,Literature,2025-03-31T18:05:19.785381
"[""ASG959101""]",CRS596208,2025-03-31T18:05:19.779376,Develop and complete a project that demonstrates mastery of key concepts. Module content relates to Literature Project.,7,2023-12-12T00:00:00,MOD047008,Module 12: Literature Project,True,12,2023-12-05T00:00:00,Literature,2025-03-31T18:05:19.785381
"[""ASG113341"", ""ASG053678""]",CRS596208,2025-03-31T18:05:19.779376,Conduct research on topics related to the course material. Module content relates to Research Applications.,7,2023-12-20T00:00:00,MOD610432,Literature 13: Research Applications,True,13,2023-12-13T00:00:00,Literature,2025-03-31T18:05:19.785381
"[""ASG377632""]",CRS596208,2025-03-31T18:05:19.779376,This discussion-based module promotes critical thinking and analysis. Module content relates to Literature Discussion - Part 14.,7,2023-12-28T00:00:00,MOD252454,Literature Discussion - Part 14,True,14,2023-12-21T00:00:00,Literature,2025-03-31T18:05:19.785381
"[""ASG709400""]",CRS596208,2025-03-31T18:05:19.779376,Students will learn the core concepts and principles. Module content relates to Literature Theory - Part 15.,8,2024-01-06T00:00:00,MOD238235,Literature Theory - Part 15,True,15,2023-12-29T00:00:00,Literature,2025-03-31T18:05:19.785381
"[""ASG020726""]",CRS596208,2025-03-31T18:05:19.779376,Students will learn the core concepts and principles. Module content relates to Literature Fundamentals.,3,2024-01-10T00:00:00,MOD842917,Theory 16: Literature Fundamentals,False,16,2024-01-07T00:00:00,Literature,2025-03-31T18:05:19.785381
"[""ASG931274""]",CRS097087,2025-03-31T18:05:19.779376,Work on a comprehensive project to solidify understanding. Module content relates to Health Project - Part 1.,8,2023-09-12T00:00:00,MOD569463,Health Project - Part 1,True,1,2023-09-04T00:00:00,Mathematics,2025-03-31T18:05:19.785381
"[""ASG787052"", ""ASG367566""]",CRS097087,2025-03-31T18:05:19.779376,This discussion-based module promotes critical thinking and analysis. Module content relates to Health Discussion - Part 2.,7,2023-09-20T00:00:00,MOD427574,Health Discussion - Part 2,True,2,2023-09-13T00:00:00,Mathematics,2025-03-31T18:05:19.785381
"[""ASG291204""]",CRS097087,2025-03-31T18:05:19.779376,Conduct research on topics related to the course material. Module content relates to Health Research.,7,2023-09-28T00:00:00,MOD856572,Module 3: Health Research,True,3,2023-09-21T00:00:00,Mathematics,2025-03-31T18:05:19.785381
"[""ASG428714""]",CRS097087,2025-03-31T18:05:19.779376,This project-based module allows application of learned skills. Module content relates to Health Project - Part 4.,7,2023-10-06T00:00:00,MOD485454,Health Project - Part 4,False,4,2023-09-29T00:00:00,Mathematics,2025-03-31T18:05:19.785381
"[""ASG254980"", ""ASG608808""]",CRS097087,2025-03-31T18:05:19.779376,This module covers the theoretical foundations of the subject. Module content relates to Health Fundamentals.,7,2023-10-14T00:00:00,MOD473249,Theory 5: Health Fundamentals,True,5,2023-10-07T00:00:00,Mathematics,2025-03-31T18:05:19.785381
"[""ASG648159"", ""ASG267809""]",CRS097087,2025-03-31T18:05:19.779376,Work on a comprehensive project to solidify understanding. Module content relates to Project Applications.,7,2023-10-22T00:00:00,MOD592624,Health 6: Project Applications,True,6,2023-10-15T00:00:00,Mathematics,2025-03-31T18:05:19.785381
"[""ASG834384""]",CRS097087,2025-03-31T18:05:19.779376,Develop and complete a project that demonstrates mastery of key concepts. Module content relates to Project Applications.,7,2023-10-30T00:00:00,MOD452428,Health 7: Project Applications,True,7,2023-10-23T00:00:00,Mathematics,2025-03-31T18:05:19.785381
"[""ASG449730""]",CRS097087,2025-03-31T18:05:19.779376,This project-based module allows application of learned skills. Module content relates to Health Project.,7,2023-11-07T00:00:00,MOD889497,Module 8: Health Project,True,8,2023-10-31T00:00:00,Mathematics,2025-03-31T18:05:19.785381
"[""ASG622698""]",CRS097087,2025-03-31T18:05:19.779376,This discussion-based module promotes critical thinking and analysis. Module content relates to Health Fundamentals.,7,2023-11-15T00:00:00,MOD801099,Discussion 9: Health Fundamentals,False,9,2023-11-08T00:00:00,Mathematics,2025-03-31T18:05:19.785381
"[""ASG288782""]",CRS097087,2025-03-31T18:05:19.779376,Apply theoretical knowledge through practical exercises and problems. Module content relates to Practice in Health.,8,2023-11-24T00:00:00,MOD223035,Unit 10: Practice in Health,True,10,2023-11-16T00:00:00,Mathematics,2025-03-31T18:05:19.785381
"[""ASG230354""]",CRS097087,2025-03-31T18:05:19.779376,Practice core techniques through guided exercises and activities. Module content relates to Practice in Health.,7,2023-12-02T00:00:00,MOD594155,Unit 11: Practice in Health,True,11,2023-11-25T00:00:00,Mathematics,2025-03-31T18:05:19.785381
"[""ASG507104""]",CRS097087,2025-03-31T18:05:19.779376,Students will learn the core concepts and principles. Module content relates to Health Fundamentals.,7,2023-12-10T00:00:00,MOD680744,Theory 12: Health Fundamentals,True,12,2023-12-03T00:00:00,Mathematics,2025-03-31T18:05:19.785381
"[""ASG787665""]",CRS158012,2025-03-31T18:05:19.779376,This project-based module allows application of learned skills. Module content relates to Geography Project.,8,2023-09-22T00:00:00,MOD679664,Module 1: Geography Project,True,1,2023-09-14T00:00:00,Art,2025-03-31T18:05:19.785381
"[""ASG728192""]",CRS158012,2025-03-31T18:05:19.779376,This project-based module allows application of learned skills. Module content relates to Project in Geography.,8,2023-10-01T00:00:00,MOD176869,Unit 2: Project in Geography,True,2,2023-09-23T00:00:00,Art,2025-03-31T18:05:19.785381
"[""ASG991041"", ""ASG702949""]",CRS158012,2025-03-31T18:05:19.779376,Students will learn the core concepts and principles. Module content relates to Geography Theory - Part 3.,7,2023-10-09T00:00:00,MOD485861,Geography Theory - Part 3,True,3,2023-10-02T00:00:00,Art,2025-03-31T18:05:19.785381
"[""ASG239761""]",CRS158012,2025-03-31T18:05:19.779376,This module focuses on research methodologies and applications. Module content relates to Geography Fundamentals.,7,2023-10-17T00:00:00,MOD217324,Research 4: Geography Fundamentals,True,4,2023-10-10T00:00:00,Art,2025-03-31T18:05:19.785381
"[""ASG159118"", ""ASG785228""]",CRS158012,2025-03-31T18:05:19.779376,Explore advanced concepts through guided research activities. Module content relates to Geography Fundamentals.,7,2023-10-25T00:00:00,MOD216540,Research 5: Geography Fundamentals,False,5,2023-10-18T00:00:00,Art,2025-03-31T18:05:19.785381
"[""ASG440016"", ""ASG112110""]",CRS158012,2025-03-31T18:05:19.779376,Work on a comprehensive project to solidify understanding. Module content relates to Project in Geography.,7,2023-11-02T00:00:00,MOD453738,Unit 6: Project in Geography,True,6,2023-10-26T00:00:00,Art,2025-03-31T18:05:19.785381
"[""ASG293987"", ""ASG020771""]",CRS158012,2025-03-31T18:05:19.779376,Explore advanced concepts through guided research activities. Module content relates to Research Applications.,7,2023-11-10T00:00:00,MOD924891,Geography 7: Research Applications,True,7,2023-11-03T00:00:00,Art,2025-03-31T18:05:19.785381
"[""ASG535956"", ""ASG710971""]",CRS158012,2025-03-31T18:05:19.779376,This project-based module allows application of learned skills. Module content relates to Project in Geography.,7,2023-11-18T00:00:00,MOD384717,Unit 8: Project in Geography,True,8,2023-11-11T00:00:00,Art,2025-03-31T18:05:19.785381
"[""ASG588495"", ""ASG010510""]",CRS158012,2025-03-31T18:05:19.779376,Apply theoretical knowledge through practical exercises and problems. Module content relates to Geography Fundamentals.,7,2023-11-26T00:00:00,MOD415913,Practice 9: Geography Fundamentals,True,9,2023-11-19T00:00:00,Art,2025-03-31T18:05:19.785381
"[""ASG167603""]",CRS158012,2025-03-31T18:05:19.779376,Conduct research on topics related to the course material. Module content relates to Geography Fundamentals.,7,2023-12-04T00:00:00,MOD188998,Research 10: Geography Fundamentals,True,10,2023-11-27T00:00:00,Art,2025-03-31T18:05:19.785381
"[""ASG528587"", ""ASG573988""]",CRS158012,2025-03-31T18:05:19.779376,Develop and complete a project that demonstrates mastery of key concepts. Module content relates to Geography Project - Part 11.,7,2023-12-12T00:00:00,MOD861811,Geography Project - Part 11,True,11,2023-12-05T00:00:00,Art,2025-03-31T18:05:19.785381
"[""ASG110436""]",CRS158012,2025-03-31T18:05:19.779376,Explore the fundamental theories that underpin this subject area. Module content relates to Geography Fundamentals.,7,2023-12-20T00:00:00,MOD450702,Theory 12: Geography Fundamentals,True,12,2023-12-13T00:00:00,Art,2025-03-31T18:05:19.785381
"[""ASG058106"", ""ASG576940""]",CRS374203,2025-03-31T18:05:19.779376,This discussion-based module promotes critical thinking and analysis. Module content relates to Ecology Discussion.,7,2023-09-21T00:00:00,MOD280189,Module 1: Ecology Discussion,True,1,2023-09-14T00:00:00,Computer Science,2025-03-31T18:05:19.785381
"[""ASG578827""]",CRS374203,2025-03-31T18:05:19.779376,Apply theoretical knowledge through practical exercises and problems. Module content relates to Practice Applications.,8,2023-09-30T00:00:00,MOD334819,Ecology 2: Practice Applications,False,2,2023-09-22T00:00:00,Computer Science,2025-03-31T18:05:19.785381
"[""ASG426260"", ""ASG159930""]",CRS374203,2025-03-31T18:05:19.779376,This module focuses on research methodologies and applications. Module content relates to Research Applications.,7,2023-10-08T00:00:00,MOD316873,Ecology 3: Research Applications,True,3,2023-10-01T00:00:00,Computer Science,2025-03-31T18:05:19.785381
"[""ASG088222"", ""ASG303908""]",CRS374203,2025-03-31T18:05:19.779376,Explore advanced concepts through guided research activities. Module content relates to Research Applications.,7,2023-10-16T00:00:00,MOD109836,Ecology 4: Research Applications,True,4,2023-10-09T00:00:00,Computer Science,2025-03-31T18:05:19.785381
"[""ASG620581""]",CRS374203,2025-03-31T18:05:19.779376,Work on a comprehensive project to solidify understanding. Module content relates to Project Applications.,7,2023-10-24T00:00:00,MOD665501,Ecology 5: Project Applications,False,5,2023-10-17T00:00:00,Computer Science,2025-03-31T18:05:19.785381
"[""ASG468593"", ""ASG901391""]",CRS374203,2025-03-31T18:05:19.779376,This hands-on module focuses on developing practical skills. Module content relates to Practice in Ecology.,7,2023-11-01T00:00:00,MOD350275,Unit 6: Practice in Ecology,True,6,2023-10-25T00:00:00,Computer Science,2025-03-31T18:05:19.785381
"[""ASG149745"", ""ASG820426""]",CRS374203,2025-03-31T18:05:19.779376,This project-based module allows application of learned skills. Module content relates to Project Applications.,7,2023-11-09T00:00:00,MOD521085,Ecology 7: Project Applications,True,7,2023-11-02T00:00:00,Computer Science,2025-03-31T18:05:19.785381
"[""ASG380264""]",CRS374203,2025-03-31T18:05:19.779376,This module covers the theoretical foundations of the subject. Module content relates to Ecology Theory.,8,2023-11-18T00:00:00,MOD516688,Module 8: Ecology Theory,True,8,2023-11-10T00:00:00,Computer Science,2025-03-31T18:05:19.785381
"[""ASG605689"", ""ASG454078""]",CRS374203,2025-03-31T18:05:19.779376,Explore advanced concepts through guided research activities. Module content relates to Ecology Research - Part 9.,7,2023-11-26T00:00:00,MOD426760,Ecology Research - Part 9,True,9,2023-11-19T00:00:00,Computer Science,2025-03-31T18:05:19.785381
"[""ASG905694""]",CRS374203,2025-03-31T18:05:19.779376,This project-based module allows application of learned skills. Module content relates to Ecology Project - Part 10.,7,2023-12-04T00:00:00,MOD776825,Ecology Project - Part 10,True,10,2023-11-27T00:00:00,Computer Science,2025-03-31T18:05:19.785381
"[""ASG469731""]",CRS374203,2025-03-31T18:05:19.779376,This discussion-based module promotes critical thinking and analysis. Module content relates to Discussion in Ecology.,7,2023-12-12T00:00:00,MOD411179,Unit 11: Discussion in Ecology,False,11,2023-12-05T00:00:00,Computer Science,2025-03-31T18:05:19.785381
"[""ASG955461"", ""ASG978139""]",CRS374203,2025-03-31T18:05:19.779376,This discussion-based module promotes critical thinking and analysis. Module content relates to Ecology Discussion.,7,2023-12-20T00:00:00,MOD883168,Module 12: Ecology Discussion,True,12,2023-12-13T00:00:00,Computer Science,2025-03-31T18:05:19.785381
"[""ASG975049"", ""ASG309658""]",CRS374203,2025-03-31T18:05:19.779376,This hands-on module focuses on developing practical skills. Module content relates to Ecology Practice - Part 13.,7,2023-12-28T00:00:00,MOD913524,Ecology Practice - Part 13,True,13,2023-12-21T00:00:00,Computer Science,2025-03-31T18:05:19.785381
"[""ASG515926""]",CRS374203,2025-03-31T18:05:19.779376,Engage in critical discussions about important topics in the field. Module content relates to Ecology Fundamentals.,7,2024-01-05T00:00:00,MOD828597,Discussion 14: Ecology Fundamentals,True,14,2023-12-29T00:00:00,Computer Science,2025-03-31T18:05:19.785381
"[""ASG106539""]",CRS374203,2025-03-31T18:05:19.779376,Students will learn the core concepts and principles. Module content relates to Ecology Fundamentals.,5,2024-01-11T00:00:00,MOD040547,Theory 15: Ecology Fundamentals,True,15,2024-01-06T00:00:00,Computer Science,2025-03-31T18:05:19.785381
"[""ASG791175""]",CRS700175,2025-03-31T18:05:19.779376,Participate in structured discussions to deepen understanding. Module content relates to Earth Fundamentals.,8,2023-09-22T00:00:00,MOD531738,Discussion 1: Earth Fundamentals,True,1,2023-09-14T00:00:00,Science,2025-03-31T18:05:19.785381
"[""ASG978343"", ""ASG753717""]",CRS700175,2025-03-31T18:05:19.779376,Work on a comprehensive project to solidify understanding. Module content relates to Earth Fundamentals.,8,2023-10-01T00:00:00,MOD710623,Project 2: Earth Fundamentals,True,2,2023-09-23T00:00:00,Science,2025-03-31T18:05:19.785381
"[""ASG114690"", ""ASG760835""]",CRS700175,2025-03-31T18:05:19.779376,This project-based module allows application of learned skills. Module content relates to Earth Project - Part 3.,7,2023-10-09T00:00:00,MOD244224,Earth Project - Part 3,True,3,2023-10-02T00:00:00,Science,2025-03-31T18:05:19.785381
"[""ASG356117"", ""ASG673467""]",CRS700175,2025-03-31T18:05:19.779376,Develop and complete a project that demonstrates mastery of key concepts. Module content relates to Project in Earth.,8,2023-10-18T00:00:00,MOD701756,Unit 4: Project in Earth,True,4,2023-10-10T00:00:00,Science,2025-03-31T18:05:19.785381
"[""ASG499870""]",CRS700175,2025-03-31T18:05:19.779376,Work on a comprehensive project to solidify understanding. Module content relates to Earth Project - Part 5.,8,2023-10-27T00:00:00,MOD457739,Earth Project - Part 5,True,5,2023-10-19T00:00:00,Science,2025-03-31T18:05:19.785381
"[""ASG231333""]",CRS700175,2025-03-31T18:05:19.779376,This hands-on module focuses on developing practical skills. Module content relates to Earth Fundamentals.,7,2023-11-04T00:00:00,MOD522992,Practice 6: Earth Fundamentals,True,6,2023-10-28T00:00:00,Science,2025-03-31T18:05:19.785381
"[""ASG724237""]",CRS700175,2025-03-31T18:05:19.779376,Apply theoretical knowledge through practical exercises and problems. Module content relates to Practice Applications.,7,2023-11-12T00:00:00,MOD076577,Earth 7: Practice Applications,False,7,2023-11-05T00:00:00,Science,2025-03-31T18:05:19.785381
"[""ASG123483""]",CRS700175,2025-03-31T18:05:19.779376,Practice core techniques through guided exercises and activities. Module content relates to Earth Practice - Part 8.,7,2023-11-20T00:00:00,MOD555978,Earth Practice - Part 8,True,8,2023-11-13T00:00:00,Science,2025-03-31T18:05:19.785381
"[""ASG694304"", ""ASG575231""]",CRS700175,2025-03-31T18:05:19.779376,This module covers the theoretical foundations of the subject. Module content relates to Earth Theory.,8,2023-11-29T00:00:00,MOD022617,Module 9: Earth Theory,True,9,2023-11-21T00:00:00,Science,2025-03-31T18:05:19.785381
"[""ASG441639"", ""ASG886257""]",CRS700175,2025-03-31T18:05:19.779376,Work on a comprehensive project to solidify understanding. Module content relates to Earth Project - Part 10.,8,2023-12-08T00:00:00,MOD635093,Earth Project - Part 10,True,10,2023-11-30T00:00:00,Science,2025-03-31T18:05:19.785381
"[""ASG045873""]",CRS700175,2025-03-31T18:05:19.779376,Explore advanced concepts through guided research activities. Module content relates to Earth Research - Part 11.,5,2023-12-14T00:00:00,MOD700655,Earth Research - Part 11,False,11,2023-12-09T00:00:00,Science,2025-03-31T18:05:19.785381
"[""ASG898924""]",CRS260684,2025-03-31T18:05:19.779376,This discussion-based module promotes critical thinking and analysis. Module content relates to Conservation Discussion.,7,2024-02-12T00:00:00,MOD306757,Module 1: Conservation Discussion,True,1,2024-02-05T00:00:00,Social Studies,2025-03-31T18:05:19.785381
"[""ASG358811""]",CRS260684,2025-03-31T18:05:19.779376,Students will learn the core concepts and principles. Module content relates to Theory in Conservation.,10,2024-02-23T00:00:00,MOD401163,Unit 2: Theory in Conservation,True,2,2024-02-13T00:00:00,Social Studies,2025-03-31T18:05:19.785381
"[""ASG046864""]",CRS260684,2025-03-31T18:05:19.779376,Participate in structured discussions to deepen understanding. Module content relates to Discussion in Conservation.,7,2024-03-02T00:00:00,MOD638239,Unit 3: Discussion in Conservation,True,3,2024-02-24T00:00:00,Social Studies,2025-03-31T18:05:19.785381
"[""ASG140119""]",CRS260684,2025-03-31T18:05:19.779376,Work on a comprehensive project to solidify understanding. Module content relates to Project in Conservation.,10,2024-03-13T00:00:00,MOD857573,Unit 4: Project in Conservation,True,4,2024-03-03T00:00:00,Social Studies,2025-03-31T18:05:19.785381
"[""ASG292626""]",CRS260684,2025-03-31T18:05:19.779376,This hands-on module focuses on developing practical skills. Module content relates to Practice Applications.,8,2024-03-22T00:00:00,MOD095966,Conservation 5: Practice Applications,True,5,2024-03-14T00:00:00,Social Studies,2025-03-31T18:05:19.785381
"[""ASG674487""]",CRS260684,2025-03-31T18:05:19.779376,Apply theoretical knowledge through practical exercises and problems. Module content relates to Practice Applications.,11,2024-04-03T00:00:00,MOD300533,Conservation 6: Practice Applications,True,6,2024-03-23T00:00:00,Social Studies,2025-03-31T18:05:19.785381
"[""ASG465100"", ""ASG548693""]",CRS260684,2025-03-31T18:05:19.779376,Explore advanced concepts through guided research activities. Module content relates to Conservation Research.,9,2024-04-13T00:00:00,MOD993200,Module 7: Conservation Research,True,7,2024-04-04T00:00:00,Social Studies,2025-03-31T18:05:19.785381
"[""ASG347579"", ""ASG145012""]",CRS260684,2025-03-31T18:05:19.779376,This module covers the theoretical foundations of the subject. Module content relates to Conservation Fundamentals.,8,2024-04-22T00:00:00,MOD089162,Theory 8: Conservation Fundamentals,False,8,2024-04-14T00:00:00,Social Studies,2025-03-31T18:05:19.785381
"[""ASG676921"", ""ASG213517""]",CRS260684,2025-03-31T18:05:19.779376,This project-based module allows application of learned skills. Module content relates to Conservation Fundamentals.,7,2024-04-30T00:00:00,MOD587128,Project 9: Conservation Fundamentals,True,9,2024-04-23T00:00:00,Social Studies,2025-03-31T18:05:19.785381
"[""ASG579036"", ""ASG067423""]",CRS260684,2025-03-31T18:05:19.779376,Students will learn the core concepts and principles. Module content relates to Conservation Fundamentals.,9,2024-05-10T00:00:00,MOD646426,Theory 10: Conservation Fundamentals,True,10,2024-05-01T00:00:00,Social Studies,2025-03-31T18:05:19.785381
"[""ASG909154"", ""ASG027767""]",CRS260684,2025-03-31T18:05:19.779376,Explore advanced concepts through guided research activities. Module content relates to Research Applications.,9,2024-05-20T00:00:00,MOD396306,Conservation 11: Research Applications,False,11,2024-05-11T00:00:00,Social Studies,2025-03-31T18:05:19.785381
"[""ASG940020""]",CRS120015,2025-03-31T18:05:19.779376,Students will learn the core concepts and principles. Module content relates to Theory Applications.,7,2023-09-10T00:00:00,MOD351754,Anthropology 1: Theory Applications,True,1,2023-09-03T00:00:00,Physical Education,2025-03-31T18:05:19.785381
"[""ASG534228"", ""ASG886954""]",CRS120015,2025-03-31T18:05:19.779376,Apply theoretical knowledge through practical exercises and problems. Module content relates to Anthropology Fundamentals.,7,2023-09-18T00:00:00,MOD498502,Practice 2: Anthropology Fundamentals,False,2,2023-09-11T00:00:00,Physical Education,2025-03-31T18:05:19.785381
"[""ASG581725""]",CRS120015,2025-03-31T18:05:19.779376,Explore advanced concepts through guided research activities. Module content relates to Anthropology Fundamentals.,8,2023-09-27T00:00:00,MOD234849,Research 3: Anthropology Fundamentals,False,3,2023-09-19T00:00:00,Physical Education,2025-03-31T18:05:19.785381
"[""ASG426518"", ""ASG702639""]",CRS120015,2025-03-31T18:05:19.779376,Practice core techniques through guided exercises and activities. Module content relates to Anthropology Fundamentals.,7,2023-10-05T00:00:00,MOD109216,Practice 4: Anthropology Fundamentals,True,4,2023-09-28T00:00:00,Physical Education,2025-03-31T18:05:19.785381
"[""ASG125294""]",CRS120015,2025-03-31T18:05:19.779376,Practice core techniques through guided exercises and activities. Module content relates to Anthropology Fundamentals.,8,2023-10-14T00:00:00,MOD910693,Practice 5: Anthropology Fundamentals,False,5,2023-10-06T00:00:00,Physical Education,2025-03-31T18:05:19.785381
"[""ASG265716"", ""ASG411673""]",CRS120015,2025-03-31T18:05:19.779376,Apply theoretical knowledge through practical exercises and problems. Module content relates to Anthropology Practice.,7,2023-10-22T00:00:00,MOD855873,Module 6: Anthropology Practice,True,6,2023-10-15T00:00:00,Physical Education,2025-03-31T18:05:19.785381
"[""ASG995270""]",CRS120015,2025-03-31T18:05:19.779376,This module covers the theoretical foundations of the subject. Module content relates to Theory Applications.,7,2023-10-30T00:00:00,MOD639641,Anthropology 7: Theory Applications,True,7,2023-10-23T00:00:00,Physical Education,2025-03-31T18:05:19.785381
"[""ASG346010"", ""ASG012138""]",CRS120015,2025-03-31T18:05:19.779376,Work on a comprehensive project to solidify understanding. Module content relates to Project Applications.,7,2023-11-07T00:00:00,MOD060828,Anthropology 8: Project Applications,True,8,2023-10-31T00:00:00,Physical Education,2025-03-31T18:05:19.785381
"[""ASG108167""]",CRS120015,2025-03-31T18:05:19.779376,Develop and complete a project that demonstrates mastery of key concepts. Module content relates to Anthropology Project - Part 9.,7,2023-11-15T00:00:00,MOD889005,Anthropology Project - Part 9,True,9,2023-11-08T00:00:00,Physical Education,2025-03-31T18:05:19.785381
"[""ASG787449"", ""ASG107253""]",CRS120015,2025-03-31T18:05:19.779376,Practice core techniques through guided exercises and activities. Module content relates to Practice Applications.,8,2023-11-24T00:00:00,MOD150732,Anthropology 10: Practice Applications,True,10,2023-11-16T00:00:00,Physical Education,2025-03-31T18:05:19.785381
"[""ASG706538""]",CRS120015,2025-03-31T18:05:19.779376,This project-based module allows application of learned skills. Module content relates to Project Applications.,7,2023-12-02T00:00:00,MOD942835,Anthropology 11: Project Applications,True,11,2023-11-25T00:00:00,Physical Education,2025-03-31T18:05:19.785381
"[""ASG751586"", ""ASG118119""]",CRS120015,2025-03-31T18:05:19.779376,This module focuses on research methodologies and applications. Module content relates to Research Applications.,7,2023-12-10T00:00:00,MOD214567,Anthropology 12: Research Applications,True,12,2023-12-03T00:00:00,Physical Education,2025-03-31T18:05:19.785381
"[""ASG564378""]",CRS120015,2025-03-31T18:05:19.779376,Students will learn the core concepts and principles. Module content relates to Anthropology Theory.,6,2023-12-17T00:00:00,MOD809497,Module 13: Anthropology Theory,True,13,2023-12-11T00:00:00,Physical Education,2025-03-31T18:05:19.785381
"[""ASG017660"", ""ASG452402""]",CRS960105,2025-03-31T18:05:19.779376,Apply theoretical knowledge through practical exercises and problems. Module content relates to Practice in Environmental.,7,2023-09-17T00:00:00,MOD933513,Unit 1: Practice in Environmental,True,1,2023-09-10T00:00:00,Science,2025-03-31T18:05:19.785381
"[""ASG054326""]",CRS960105,2025-03-31T18:05:19.779376,Practice core techniques through guided exercises and activities. Module content relates to Practice in Environmental.,7,2023-09-25T00:00:00,MOD711291,Unit 2: Practice in Environmental,True,2,2023-09-18T00:00:00,Science,2025-03-31T18:05:19.785381
"[""ASG170660"", ""ASG552396""]",CRS960105,2025-03-31T18:05:19.779376,Apply theoretical knowledge through practical exercises and problems. Module content relates to Practice Applications.,7,2023-10-03T00:00:00,MOD300000,Environmental 3: Practice Applications,True,3,2023-09-26T00:00:00,Science,2025-03-31T18:05:19.785381
"[""ASG463107""]",CRS960105,2025-03-31T18:05:19.779376,Apply theoretical knowledge through practical exercises and problems. Module content relates to Practice in Environmental.,7,2023-10-11T00:00:00,MOD133522,Unit 4: Practice in Environmental,True,4,2023-10-04T00:00:00,Science,2025-03-31T18:05:19.785381
"[""ASG961503"", ""ASG419705""]",CRS960105,2025-03-31T18:05:19.779376,Develop and complete a project that demonstrates mastery of key concepts. Module content relates to Project Applications.,8,2023-10-20T00:00:00,MOD729682,Environmental 5: Project Applications,True,5,2023-10-12T00:00:00,Science,2025-03-31T18:05:19.785381
"[""ASG349190"", ""ASG756660""]",CRS960105,2025-03-31T18:05:19.779376,Practice core techniques through guided exercises and activities. Module content relates to Practice in Environmental.,7,2023-10-28T00:00:00,MOD526865,Unit 6: Practice in Environmental,True,6,2023-10-21T00:00:00,Science,2025-03-31T18:05:19.785381
"[""ASG009912""]",CRS960105,2025-03-31T18:05:19.779376,Apply theoretical knowledge through practical exercises and problems. Module content relates to Practice in Environmental.,7,2023-11-05T00:00:00,MOD365811,Unit 7: Practice in Environmental,True,7,2023-10-29T00:00:00,Science,2025-03-31T18:05:19.785381
"[""ASG033190""]",CRS960105,2025-03-31T18:05:19.779376,Engage in critical discussions about important topics in the field. Module content relates to Environmental Fundamentals.,7,2023-11-13T00:00:00,MOD376457,Discussion 8: Environmental Fundamentals,False,8,2023-11-06T00:00:00,Science,2025-03-31T18:05:19.785381
"[""ASG095881""]",CRS960105,2025-03-31T18:05:19.779376,This discussion-based module promotes critical thinking and analysis. Module content relates to Environmental Discussion - Part 9.,7,2023-11-21T00:00:00,MOD451154,Environmental Discussion - Part 9,True,9,2023-11-14T00:00:00,Science,2025-03-31T18:05:19.785381
"[""ASG556130""]",CRS960105,2025-03-31T18:05:19.779376,This hands-on module focuses on developing practical skills. Module content relates to Environmental Fundamentals.,7,2023-11-29T00:00:00,MOD491095,Practice 10: Environmental Fundamentals,True,10,2023-11-22T00:00:00,Science,2025-03-31T18:05:19.785381
"[""ASG892230""]",CRS960105,2025-03-31T18:05:19.779376,Apply theoretical knowledge through practical exercises and problems. Module content relates to Practice Applications.,3,2023-12-03T00:00:00,MOD672337,Environmental 11: Practice Applications,True,11,2023-11-30T00:00:00,Science,2025-03-31T18:05:19.785381
"[""ASG722546""]",CRS676619,2025-03-31T18:05:19.779376,Practice core techniques through guided exercises and activities. Module content relates to Ancient Practice.,8,2023-09-15T00:00:00,MOD937871,Module 1: Ancient Practice,False,1,2023-09-07T00:00:00,Music,2025-03-31T18:05:19.785381
"[""ASG564793"", ""ASG843466""]",CRS676619,2025-03-31T18:05:19.779376,Participate in structured discussions to deepen understanding. Module content relates to Ancient Discussion - Part 2.,7,2023-09-23T00:00:00,MOD954863,Ancient Discussion - Part 2,False,2,2023-09-16T00:00:00,Music,2025-03-31T18:05:19.785381
"[""ASG589654"", ""ASG196588""]",CRS676619,2025-03-31T18:05:19.779376,Work on a comprehensive project to solidify understanding. Module content relates to Project Applications.,11,2023-10-05T00:00:00,MOD162718,Ancient 3: Project Applications,True,3,2023-09-24T00:00:00,Music,2025-03-31T18:05:19.785381
"[""ASG457973""]",CRS676619,2025-03-31T18:05:19.779376,Engage in critical discussions about important topics in the field. Module content relates to Discussion Applications.,8,2023-10-14T00:00:00,MOD522181,Ancient 4: Discussion Applications,True,4,2023-10-06T00:00:00,Music,2025-03-31T18:05:19.785381
"[""ASG418898"", ""ASG383443""]",CRS676619,2025-03-31T18:05:19.779376,Conduct research on topics related to the course material. Module content relates to Ancient Research.,7,2023-10-22T00:00:00,MOD437102,Module 5: Ancient Research,True,5,2023-10-15T00:00:00,Music,2025-03-31T18:05:19.785381
"[""ASG358777"", ""ASG186330""]",CRS676619,2025-03-31T18:05:19.779376,This project-based module allows application of learned skills. Module content relates to Project in Ancient.,7,2023-10-30T00:00:00,MOD555562,Unit 6: Project in Ancient,True,6,2023-10-23T00:00:00,Music,2025-03-31T18:05:19.785381
"[""ASG897413""]",CRS676619,2025-03-31T18:05:19.779376,This discussion-based module promotes critical thinking and analysis. Module content relates to Discussion Applications.,16,2023-11-16T00:00:00,MOD615113,Ancient 7: Discussion Applications,False,7,2023-10-31T00:00:00,Music,2025-03-31T18:05:19.785381
"[""ASG011553""]",CRS196654,2025-03-31T18:05:19.779376,Work on a comprehensive project to solidify understanding. Module content relates to Mathematical Project - Part 1.,8,2023-09-09T00:00:00,MOD744318,Mathematical Project - Part 1,True,1,2023-09-01T00:00:00,Physical Education,2025-03-31T18:05:19.785381
"[""ASG512001"", ""ASG059372""]",CRS196654,2025-03-31T18:05:19.779376,This discussion-based module promotes critical thinking and analysis. Module content relates to Mathematical Fundamentals.,12,2023-09-22T00:00:00,MOD467351,Discussion 2: Mathematical Fundamentals,False,2,2023-09-10T00:00:00,Physical Education,2025-03-31T18:05:19.785381
"[""ASG856907"", ""ASG857291""]",CRS196654,2025-03-31T18:05:19.779376,Participate in structured discussions to deepen understanding. Module content relates to Mathematical Discussion - Part 3.,13,2023-10-06T00:00:00,MOD971730,Mathematical Discussion - Part 3,True,3,2023-09-23T00:00:00,Physical Education,2025-03-31T18:05:19.785381
"[""ASG177312""]",CRS196654,2025-03-31T18:05:19.779376,Explore the fundamental theories that underpin this subject area. Module content relates to Mathematical Theory - Part 4.,14,2023-10-21T00:00:00,MOD753023,Mathematical Theory - Part 4,False,4,2023-10-07T00:00:00,Physical Education,2025-03-31T18:05:19.786684
"[""ASG120445""]",CRS196654,2025-03-31T18:05:19.779376,Conduct research on topics related to the course material. Module content relates to Mathematical Research.,11,2023-11-02T00:00:00,MOD777840,Module 5: Mathematical Research,True,5,2023-10-22T00:00:00,Physical Education,2025-03-31T18:05:19.786684
"[""ASG031430"", ""ASG605220""]",CRS196654,2025-03-31T18:05:19.779376,This module covers the theoretical foundations of the subject. Module content relates to Mathematical Theory.,14,2023-11-17T00:00:00,MOD476724,Module 6: Mathematical Theory,True,6,2023-11-03T00:00:00,Physical Education,2025-03-31T18:05:19.786684
"[""ASG866861""]",CRS196654,2025-03-31T18:05:19.779376,Conduct research on topics related to the course material. Module content relates to Research in Mathematical.,9,2023-11-27T00:00:00,MOD833921,Unit 7: Research in Mathematical,True,7,2023-11-18T00:00:00,Physical Education,2025-03-31T18:05:19.786684
"[""ASG518937"", ""ASG474123""]",CRS196654,2025-03-31T18:05:19.779376,Engage in critical discussions about important topics in the field. Module content relates to Mathematical Fundamentals.,10,2023-12-08T00:00:00,MOD167756,Discussion 8: Mathematical Fundamentals,True,8,2023-11-28T00:00:00,Physical Education,2025-03-31T18:05:19.786684
"[""ASG002539"", ""ASG197048""]",CRS196654,2025-03-31T18:05:19.779376,Work on a comprehensive project to solidify understanding. Module content relates to Mathematical Fundamentals.,14,2023-12-23T00:00:00,MOD563837,Project 9: Mathematical Fundamentals,True,9,2023-12-09T00:00:00,Physical Education,2025-03-31T18:05:19.786684
"[""ASG231968"", ""ASG367106""]",CRS196654,2025-03-31T18:05:19.779376,Explore the fundamental theories that underpin this subject area. Module content relates to Mathematical Theory.,13,2024-01-06T00:00:00,MOD626414,Module 10: Mathematical Theory,True,10,2023-12-24T00:00:00,Physical Education,2025-03-31T18:05:19.786684
"[""ASG345258"", ""ASG500571""]",CRS196654,2025-03-31T18:05:19.779376,Develop and complete a project that demonstrates mastery of key concepts. Module content relates to Mathematical Project - Part 11.,5,2024-01-12T00:00:00,MOD992138,Mathematical Project - Part 11,True,11,2024-01-07T00:00:00,Physical Education,2025-03-31T18:05:19.786684
"[""ASG359320""]",CRS210243,2025-03-31T18:05:19.779376,Students will learn the core concepts and principles. Module content relates to Theory Applications.,7,2023-09-21T00:00:00,MOD051737,Calculus 1: Theory Applications,True,1,2023-09-14T00:00:00,Literature,2025-03-31T18:05:19.786684
"[""ASG200069""]",CRS210243,2025-03-31T18:05:19.779376,Conduct research on topics related to the course material. Module content relates to Research in Calculus.,7,2023-09-29T00:00:00,MOD193395,Unit 2: Research in Calculus,True,2,2023-09-22T00:00:00,Literature,2025-03-31T18:05:19.786684
"[""ASG457580""]",CRS210243,2025-03-31T18:05:19.779376,Engage in critical discussions about important topics in the field. Module content relates to Calculus Discussion - Part 3.,8,2023-10-08T00:00:00,MOD439501,Calculus Discussion - Part 3,False,3,2023-09-30T00:00:00,Literature,2025-03-31T18:05:19.786684
"[""ASG768512""]",CRS210243,2025-03-31T18:05:19.779376,This module focuses on research methodologies and applications. Module content relates to Research Applications.,8,2023-10-17T00:00:00,MOD273179,Calculus 4: Research Applications,True,4,2023-10-09T00:00:00,Literature,2025-03-31T18:05:19.786684
"[""ASG458364""]",CRS210243,2025-03-31T18:05:19.779376,This module focuses on research methodologies and applications. Module content relates to Calculus Research.,7,2023-10-25T00:00:00,MOD561645,Module 5: Calculus Research,True,5,2023-10-18T00:00:00,Literature,2025-03-31T18:05:19.786684
"[""ASG662521""]",CRS210243,2025-03-31T18:05:19.779376,Students will learn the core concepts and principles. Module content relates to Theory Applications.,7,2023-11-02T00:00:00,MOD476823,Calculus 6: Theory Applications,True,6,2023-10-26T00:00:00,Literature,2025-03-31T18:05:19.786684
"[""ASG267880"", ""ASG537473""]",CRS210243,2025-03-31T18:05:19.779376,Explore advanced concepts through guided research activities. Module content relates to Research in Calculus.,7,2023-11-10T00:00:00,MOD272922,Unit 7: Research in Calculus,True,7,2023-11-03T00:00:00,Literature,2025-03-31T18:05:19.786684
"[""ASG056432""]",CRS210243,2025-03-31T18:05:19.779376,Explore the fundamental theories that underpin this subject area. Module content relates to Calculus Fundamentals.,7,2023-11-18T00:00:00,MOD098077,Theory 8: Calculus Fundamentals,True,8,2023-11-11T00:00:00,Literature,2025-03-31T18:05:19.786684
"[""ASG275561"", ""ASG311584""]",CRS210243,2025-03-31T18:05:19.779376,Explore advanced concepts through guided research activities. Module content relates to Calculus Research - Part 9.,7,2023-11-26T00:00:00,MOD936179,Calculus Research - Part 9,True,9,2023-11-19T00:00:00,Literature,2025-03-31T18:05:19.786684
"[""ASG291570"", ""ASG022316""]",CRS210243,2025-03-31T18:05:19.779376,Develop and complete a project that demonstrates mastery of key concepts. Module content relates to Calculus Fundamentals.,7,2023-12-04T00:00:00,MOD814598,Project 10: Calculus Fundamentals,True,10,2023-11-27T00:00:00,Literature,2025-03-31T18:05:19.786684
"[""ASG206051""]",CRS210243,2025-03-31T18:05:19.779376,Conduct research on topics related to the course material. Module content relates to Calculus Fundamentals.,2,2023-12-07T00:00:00,MOD199146,Research 11: Calculus Fundamentals,True,11,2023-12-05T00:00:00,Literature,2025-03-31T18:05:19.786684
"[""ASG395461"", ""ASG488052""]",CRS741286,2025-03-31T18:05:19.779376,This module covers the theoretical foundations of the subject. Module content relates to Theory Applications.,7,2023-09-17T00:00:00,MOD449062,Cultural 1: Theory Applications,False,1,2023-09-10T00:00:00,Art,2025-03-31T18:05:19.786684
"[""ASG503529""]",CRS741286,2025-03-31T18:05:19.779376,Students will learn the core concepts and principles. Module content relates to Theory in Cultural.,7,2023-09-25T00:00:00,MOD381154,Unit 2: Theory in Cultural,False,2,2023-09-18T00:00:00,Art,2025-03-31T18:05:19.786684
"[""ASG112390"", ""ASG102715""]",CRS741286,2025-03-31T18:05:19.779376,Explore advanced concepts through guided research activities. Module content relates to Cultural Fundamentals.,7,2023-10-03T00:00:00,MOD577172,Research 3: Cultural Fundamentals,True,3,2023-09-26T00:00:00,Art,2025-03-31T18:05:19.786684
"[""ASG958269"", ""ASG550438""]",CRS741286,2025-03-31T18:05:19.779376,Students will learn the core concepts and principles. Module content relates to Cultural Fundamentals.,7,2023-10-11T00:00:00,MOD904897,Theory 4: Cultural Fundamentals,False,4,2023-10-04T00:00:00,Art,2025-03-31T18:05:19.786684
"[""ASG938798"", ""ASG403979""]",CRS741286,2025-03-31T18:05:19.779376,Participate in structured discussions to deepen understanding. Module content relates to Discussion Applications.,7,2023-10-19T00:00:00,MOD605555,Cultural 5: Discussion Applications,True,5,2023-10-12T00:00:00,Art,2025-03-31T18:05:19.786684
"[""ASG726842"", ""ASG198169""]",CRS741286,2025-03-31T18:05:19.779376,Conduct research on topics related to the course material. Module content relates to Research in Cultural.,7,2023-10-27T00:00:00,MOD351473,Unit 6: Research in Cultural,True,6,2023-10-20T00:00:00,Art,2025-03-31T18:05:19.786684
"[""ASG202048"", ""ASG757567""]",CRS741286,2025-03-31T18:05:19.779376,Students will learn the core concepts and principles. Module content relates to Cultural Fundamentals.,7,2023-11-04T00:00:00,MOD647261,Theory 7: Cultural Fundamentals,True,7,2023-10-28T00:00:00,Art,2025-03-31T18:05:19.786684
"[""ASG560448""]",CRS741286,2025-03-31T18:05:19.779376,Practice core techniques through guided exercises and activities. Module content relates to Cultural Practice.,7,2023-11-12T00:00:00,MOD683088,Module 8: Cultural Practice,True,8,2023-11-05T00:00:00,Art,2025-03-31T18:05:19.786684
"[""ASG610689"", ""ASG812584""]",CRS741286,2025-03-31T18:05:19.779376,Develop and complete a project that demonstrates mastery of key concepts. Module content relates to Project Applications.,7,2023-11-20T00:00:00,MOD121565,Cultural 9: Project Applications,False,9,2023-11-13T00:00:00,Art,2025-03-31T18:05:19.786684
"[""ASG780067""]",CRS741286,2025-03-31T18:05:19.779376,Work on a comprehensive project to solidify understanding. Module content relates to Project Applications.,7,2023-11-28T00:00:00,MOD900507,Cultural 10: Project Applications,True,10,2023-11-21T00:00:00,Art,2025-03-31T18:05:19.786684
"[""ASG897612""]",CRS741286,2025-03-31T18:05:19.779376,Participate in structured discussions to deepen understanding. Module content relates to Discussion Applications.,8,2023-12-07T00:00:00,MOD166039,Cultural 11: Discussion Applications,True,11,2023-11-29T00:00:00,Art,2025-03-31T18:05:19.786684
"[""ASG121730"", ""ASG761886""]",CRS741286,2025-03-31T18:05:19.779376,Participate in structured discussions to deepen understanding. Module content relates to Cultural Fundamentals.,8,2023-12-16T00:00:00,MOD681062,Discussion 12: Cultural Fundamentals,True,12,2023-12-08T00:00:00,Art,2025-03-31T18:05:19.786684
"[""ASG561061""]",CRS741286,2025-03-31T18:05:19.779376,Apply theoretical knowledge through practical exercises and problems. Module content relates to Cultural Fundamentals.,7,2023-12-24T00:00:00,MOD477045,Practice 13: Cultural Fundamentals,True,13,2023-12-17T00:00:00,Art,2025-03-31T18:05:19.786684
"[""ASG222404""]",CRS741286,2025-03-31T18:05:19.779376,This project-based module allows application of learned skills. Module content relates to Cultural Project - Part 14.,6,2023-12-31T00:00:00,MOD068761,Cultural Project - Part 14,False,14,2023-12-25T00:00:00,Art,2025-03-31T18:05:19.786684
"[""ASG383157"", ""ASG679551""]",CRS622177,2025-03-31T18:05:19.780376,Engage in critical discussions about important topics in the field. Module content relates to Maritime Fundamentals.,26,2023-10-02T00:00:00,MOD218513,Discussion 1: Maritime Fundamentals,True,1,2023-09-06T00:00:00,Science,2025-03-31T18:05:19.786684
"[""ASG348255""]",CRS622177,2025-03-31T18:05:19.780376,Students will learn the core concepts and principles. Module content relates to Theory Applications.,22,2023-10-25T00:00:00,MOD017048,Maritime 2: Theory Applications,True,2,2023-10-03T00:00:00,Science,2025-03-31T18:05:19.786684
"[""ASG571632""]",CRS622177,2025-03-31T18:05:19.780376,Conduct research on topics related to the course material. Module content relates to Maritime Fundamentals.,26,2023-11-21T00:00:00,MOD072357,Research 3: Maritime Fundamentals,True,3,2023-10-26T00:00:00,Science,2025-03-31T18:05:19.786684
"[""ASG821089"", ""ASG042342""]",CRS622177,2025-03-31T18:05:19.780376,This discussion-based module promotes critical thinking and analysis. Module content relates to Maritime Fundamentals.,24,2023-12-16T00:00:00,MOD868747,Discussion 4: Maritime Fundamentals,True,4,2023-11-22T00:00:00,Science,2025-03-31T18:05:19.786684
"[""ASG144941"", ""ASG365338""]",CRS622177,2025-03-31T18:05:19.780376,This module covers the theoretical foundations of the subject. Module content relates to Theory Applications.,17,2024-01-03T00:00:00,MOD482834,Maritime 5: Theory Applications,True,5,2023-12-17T00:00:00,Science,2025-03-31T18:05:19.786684
"[""ASG272435"", ""ASG729855""]",CRS622177,2025-03-31T18:05:19.780376,Explore advanced concepts through guided research activities. Module content relates to Maritime Research.,13,2024-01-17T00:00:00,MOD977048,Module 6: Maritime Research,True,6,2024-01-04T00:00:00,Science,2025-03-31T18:05:19.786684
"[""ASG837752""]",CRS891563,2025-03-31T18:05:19.780376,Apply theoretical knowledge through practical exercises and problems. Module content relates to Multimedia Practice - Part 1.,13,2023-09-27T00:00:00,MOD995095,Multimedia Practice - Part 1,True,1,2023-09-14T00:00:00,Foreign Language,2025-03-31T18:05:19.786684
"[""ASG932804""]",CRS891563,2025-03-31T18:05:19.780376,Participate in structured discussions to deepen understanding. Module content relates to Multimedia Discussion - Part 2.,18,2023-10-16T00:00:00,MOD028913,Multimedia Discussion - Part 2,False,2,2023-09-28T00:00:00,Foreign Language,2025-03-31T18:05:19.786684
"[""ASG962097"", ""ASG165109""]",CRS891563,2025-03-31T18:05:19.780376,Conduct research on topics related to the course material. Module content relates to Multimedia Research - Part 3.,19,2023-11-05T00:00:00,MOD530488,Multimedia Research - Part 3,True,3,2023-10-17T00:00:00,Foreign Language,2025-03-31T18:05:19.786684
"[""ASG704078"", ""ASG279263""]",CRS891563,2025-03-31T18:05:19.780376,Students will learn the core concepts and principles. Module content relates to Multimedia Theory.,14,2023-11-20T00:00:00,MOD955087,Module 4: Multimedia Theory,True,4,2023-11-06T00:00:00,Foreign Language,2025-03-31T18:05:19.786684
"[""ASG573876"", ""ASG629069""]",CRS891563,2025-03-31T18:05:19.780376,This module focuses on research methodologies and applications. Module content relates to Research in Multimedia.,18,2023-12-09T00:00:00,MOD028770,Unit 5: Research in Multimedia,True,5,2023-11-21T00:00:00,Foreign Language,2025-03-31T18:05:19.786684
"[""ASG871422""]",CRS891563,2025-03-31T18:05:19.780376,Explore the fundamental theories that underpin this subject area. Module content relates to Theory in Multimedia.,12,2023-12-22T00:00:00,MOD854496,Unit 6: Theory in Multimedia,True,6,2023-12-10T00:00:00,Foreign Language,2025-03-31T18:05:19.786684
"[""ASG168915""]",CRS891563,2025-03-31T18:05:19.780376,This hands-on module focuses on developing practical skills. Module content relates to Practice in Multimedia.,11,2024-01-03T00:00:00,MOD092746,Unit 7: Practice in Multimedia,True,7,2023-12-23T00:00:00,Foreign Language,2025-03-31T18:05:19.786684
"[""ASG618891""]",CRS891563,2025-03-31T18:05:19.780866,Practice core techniques through guided exercises and activities. Module content relates to Multimedia Practice.,14,2024-01-18T00:00:00,MOD257387,Module 8: Multimedia Practice,True,8,2024-01-04T00:00:00,Foreign Language,2025-03-31T18:05:19.786684
"[""ASG617917"", ""ASG724040""]",CRS347966,2025-03-31T18:05:19.780866,This discussion-based module promotes critical thinking and analysis. Module content relates to Discussion in Earth.,7,2024-02-16T00:00:00,MOD217476,Unit 1: Discussion in Earth,True,1,2024-02-09T00:00:00,Science,2025-03-31T18:05:19.786684
"[""ASG233841""]",CRS347966,2025-03-31T18:05:19.780866,This project-based module allows application of learned skills. Module content relates to Project in Earth.,7,2024-02-24T00:00:00,MOD766117,Unit 2: Project in Earth,False,2,2024-02-17T00:00:00,Science,2025-03-31T18:05:19.786684
"[""ASG142994""]",CRS347966,2025-03-31T18:05:19.780866,Work on a comprehensive project to solidify understanding. Module content relates to Earth Project.,7,2024-03-03T00:00:00,MOD474752,Module 3: Earth Project,False,3,2024-02-25T00:00:00,Science,2025-03-31T18:05:19.786684
"[""ASG131637"", ""ASG106733""]",CRS347966,2025-03-31T18:05:19.780866,Practice core techniques through guided exercises and activities. Module content relates to Earth Fundamentals.,8,2024-03-12T00:00:00,MOD206985,Practice 4: Earth Fundamentals,True,4,2024-03-04T00:00:00,Science,2025-03-31T18:05:19.786684
"[""ASG420368"", ""ASG627459""]",CRS347966,2025-03-31T18:05:19.780866,Work on a comprehensive project to solidify understanding. Module content relates to Project Applications.,8,2024-03-21T00:00:00,MOD081289,Earth 5: Project Applications,True,5,2024-03-13T00:00:00,Science,2025-03-31T18:05:19.786684
"[""ASG206856"", ""ASG251169""]",CRS347966,2025-03-31T18:05:19.780866,Apply theoretical knowledge through practical exercises and problems. Module content relates to Earth Practice - Part 6.,7,2024-03-29T00:00:00,MOD404585,Earth Practice - Part 6,True,6,2024-03-22T00:00:00,Science,2025-03-31T18:05:19.786684
"[""ASG982733""]",CRS347966,2025-03-31T18:05:19.780866,Participate in structured discussions to deepen understanding. Module content relates to Earth Fundamentals.,7,2024-04-06T00:00:00,MOD325710,Discussion 7: Earth Fundamentals,False,7,2024-03-30T00:00:00,Science,2025-03-31T18:05:19.786684
"[""ASG723461"", ""ASG794601""]",CRS347966,2025-03-31T18:05:19.780866,Apply theoretical knowledge through practical exercises and problems. Module content relates to Earth Practice.,8,2024-04-15T00:00:00,MOD285990,Module 8: Earth Practice,True,8,2024-04-07T00:00:00,Science,2025-03-31T18:05:19.786684
"[""ASG283827""]",CRS347966,2025-03-31T18:05:19.780866,This module covers the theoretical foundations of the subject. Module content relates to Theory Applications.,3,2024-04-19T00:00:00,MOD666112,Earth 9: Theory Applications,False,9,2024-04-16T00:00:00,Science,2025-03-31T18:05:19.786684
"[""ASG557219"", ""ASG984608""]",CRS770000,2025-03-31T18:05:19.780866,This module focuses on research methodologies and applications. Module content relates to Research in Agricultural.,8,2023-09-23T00:00:00,MOD888908,Unit 1: Research in Agricultural,True,1,2023-09-15T00:00:00,Science,2025-03-31T18:05:19.786684
"[""ASG853980"", ""ASG649523""]",CRS770000,2025-03-31T18:05:19.780866,Work on a comprehensive project to solidify understanding. Module content relates to Project in Agricultural.,7,2023-10-01T00:00:00,MOD233779,Unit 2: Project in Agricultural,False,2,2023-09-24T00:00:00,Science,2025-03-31T18:05:19.786684
"[""ASG182918"", ""ASG654387""]",CRS770000,2025-03-31T18:05:19.780866,Participate in structured discussions to deepen understanding. Module content relates to Discussion in Agricultural.,7,2023-10-09T00:00:00,MOD306983,Unit 3: Discussion in Agricultural,False,3,2023-10-02T00:00:00,Science,2025-03-31T18:05:19.786684
"[""ASG398115"", ""ASG920424""]",CRS770000,2025-03-31T18:05:19.780866,Participate in structured discussions to deepen understanding. Module content relates to Discussion Applications.,7,2023-10-17T00:00:00,MOD277435,Agricultural 4: Discussion Applications,True,4,2023-10-10T00:00:00,Science,2025-03-31T18:05:19.786684
"[""ASG013716"", ""ASG728236""]",CRS770000,2025-03-31T18:05:19.780866,Practice core techniques through guided exercises and activities. Module content relates to Agricultural Practice - Part 5.,8,2023-10-26T00:00:00,MOD358869,Agricultural Practice - Part 5,True,5,2023-10-18T00:00:00,Science,2025-03-31T18:05:19.786684
"[""ASG907796"", ""ASG467608""]",CRS770000,2025-03-31T18:05:19.780866,This project-based module allows application of learned skills. Module content relates to Project Applications.,7,2023-11-03T00:00:00,MOD222484,Agricultural 6: Project Applications,True,6,2023-10-27T00:00:00,Science,2025-03-31T18:05:19.786684
"[""ASG244051""]",CRS770000,2025-03-31T18:05:19.780866,This hands-on module focuses on developing practical skills. Module content relates to Practice Applications.,7,2023-11-11T00:00:00,MOD878500,Agricultural 7: Practice Applications,True,7,2023-11-04T00:00:00,Science,2025-03-31T18:05:19.786684
"[""ASG035141""]",CRS770000,2025-03-31T18:05:19.781112,This discussion-based module promotes critical thinking and analysis. Module content relates to Discussion in Agricultural.,8,2023-11-20T00:00:00,MOD580629,Unit 8: Discussion in Agricultural,True,8,2023-11-12T00:00:00,Science,2025-03-31T18:05:19.786684
"[""ASG967262""]",CRS770000,2025-03-31T18:05:19.781112,Work on a comprehensive project to solidify understanding. Module content relates to Agricultural Project.,3,2023-11-24T00:00:00,MOD586763,Module 9: Agricultural Project,True,9,2023-11-21T00:00:00,Science,2025-03-31T18:05:19.786684
"[""ASG558944""]",CRS936616,2025-03-31T18:05:19.781112,This module covers the theoretical foundations of the subject. Module content relates to Theory in Agricultural.,7,2024-02-12T00:00:00,MOD075171,Unit 1: Theory in Agricultural,True,1,2024-02-05T00:00:00,Computer Science,2025-03-31T18:05:19.786684
"[""ASG280615""]",CRS936616,2025-03-31T18:05:19.781112,Practice core techniques through guided exercises and activities. Module content relates to Practice in Agricultural.,7,2024-02-20T00:00:00,MOD135830,Unit 2: Practice in Agricultural,True,2,2024-02-13T00:00:00,Computer Science,2025-03-31T18:05:19.786684
"[""ASG368780"", ""ASG841001""]",CRS936616,2025-03-31T18:05:19.781112,This discussion-based module promotes critical thinking and analysis. Module content relates to Discussion Applications.,7,2024-02-28T00:00:00,MOD999063,Agricultural 3: Discussion Applications,True,3,2024-02-21T00:00:00,Computer Science,2025-03-31T18:05:19.786684
"[""ASG972104""]",CRS936616,2025-03-31T18:05:19.781112,This discussion-based module promotes critical thinking and analysis. Module content relates to Agricultural Fundamentals.,8,2024-03-08T00:00:00,MOD531570,Discussion 4: Agricultural Fundamentals,True,4,2024-02-29T00:00:00,Computer Science,2025-03-31T18:05:19.786684
"[""ASG603551""]",CRS936616,2025-03-31T18:05:19.781112,Explore the fundamental theories that underpin this subject area. Module content relates to Agricultural Fundamentals.,7,2024-03-16T00:00:00,MOD288297,Theory 5: Agricultural Fundamentals,True,5,2024-03-09T00:00:00,Computer Science,2025-03-31T18:05:19.786684
"[""ASG558268""]",CRS936616,2025-03-31T18:05:19.781112,Work on a comprehensive project to solidify understanding. Module content relates to Agricultural Fundamentals.,7,2024-03-24T00:00:00,MOD241491,Project 6: Agricultural Fundamentals,True,6,2024-03-17T00:00:00,Computer Science,2025-03-31T18:05:19.786684
"[""ASG894227""]",CRS936616,2025-03-31T18:05:19.781112,Work on a comprehensive project to solidify understanding. Module content relates to Agricultural Project - Part 7.,8,2024-04-02T00:00:00,MOD905725,Agricultural Project - Part 7,True,7,2024-03-25T00:00:00,Computer Science,2025-03-31T18:05:19.786684
"[""ASG791684""]",CRS936616,2025-03-31T18:05:19.781112,This module covers the theoretical foundations of the subject. Module content relates to Agricultural Fundamentals.,7,2024-04-10T00:00:00,MOD392666,Theory 8: Agricultural Fundamentals,True,8,2024-04-03T00:00:00,Computer Science,2025-03-31T18:05:19.786684
"[""ASG520123""]",CRS936616,2025-03-31T18:05:19.781112,Explore advanced concepts through guided research activities. Module content relates to Agricultural Fundamentals.,7,2024-04-18T00:00:00,MOD219177,Research 9: Agricultural Fundamentals,False,9,2024-04-11T00:00:00,Computer Science,2025-03-31T18:05:19.786684
"[""ASG610961""]",CRS936616,2025-03-31T18:05:19.781112,Work on a comprehensive project to solidify understanding. Module content relates to Project in Agricultural.,8,2024-04-27T00:00:00,MOD892375,Unit 10: Project in Agricultural,True,10,2024-04-19T00:00:00,Computer Science,2025-03-31T18:05:19.786684
"[""ASG511804"", ""ASG155095""]",CRS936616,2025-03-31T18:05:19.781112,Explore the fundamental theories that underpin this subject area. Module content relates to Agricultural Fundamentals.,7,2024-05-05T00:00:00,MOD939675,Theory 11: Agricultural Fundamentals,True,11,2024-04-28T00:00:00,Computer Science,2025-03-31T18:05:19.786684
"[""ASG462313"", ""ASG203060""]",CRS936616,2025-03-31T18:05:19.781112,Practice core techniques through guided exercises and activities. Module content relates to Practice Applications.,7,2024-05-13T00:00:00,MOD802125,Agricultural 12: Practice Applications,True,12,2024-05-06T00:00:00,Computer Science,2025-03-31T18:05:19.786684
"[""ASG654807"", ""ASG903830""]",CRS936616,2025-03-31T18:05:19.781112,Participate in structured discussions to deepen understanding. Module content relates to Agricultural Discussion - Part 13.,8,2024-05-22T00:00:00,MOD947730,Agricultural Discussion - Part 13,True,13,2024-05-14T00:00:00,Computer Science,2025-03-31T18:05:19.787689
"[""ASG937488""]",CRS936616,2025-03-31T18:05:19.781112,Explore the fundamental theories that underpin this subject area. Module content relates to Theory in Agricultural.,7,2024-05-30T00:00:00,MOD394295,Unit 14: Theory in Agricultural,True,14,2024-05-23T00:00:00,Computer Science,2025-03-31T18:05:19.787689
"[""ASG614304"", ""ASG263861""]",CRS936616,2025-03-31T18:05:19.781112,Students will learn the core concepts and principles. Module content relates to Agricultural Theory.,7,2024-06-07T00:00:00,MOD518515,Module 15: Agricultural Theory,True,15,2024-05-31T00:00:00,Computer Science,2025-03-31T18:05:19.787689
"[""ASG247645"", ""ASG589625""]",CRS936616,2025-03-31T18:05:19.781112,Work on a comprehensive project to solidify understanding. Module content relates to Agricultural Project.,8,2024-06-16T00:00:00,MOD927347,Module 16: Agricultural Project,True,16,2024-06-08T00:00:00,Computer Science,2025-03-31T18:05:19.787689
"[""ASG708749"", ""ASG613060""]",CRS826044,2025-03-31T18:05:19.781112,This module covers the theoretical foundations of the subject. Module content relates to Web Theory.,8,2024-02-15T00:00:00,MOD073819,Module 1: Web Theory,True,1,2024-02-07T00:00:00,Physical Education,2025-03-31T18:05:19.787689
"[""ASG329075""]",CRS826044,2025-03-31T18:05:19.781112,Develop and complete a project that demonstrates mastery of key concepts. Module content relates to Project Applications.,8,2024-02-24T00:00:00,MOD602609,Web 2: Project Applications,True,2,2024-02-16T00:00:00,Physical Education,2025-03-31T18:05:19.787689
"[""ASG055626""]",CRS826044,2025-03-31T18:05:19.781112,Conduct research on topics related to the course material. Module content relates to Web Fundamentals.,7,2024-03-03T00:00:00,MOD470022,Research 3: Web Fundamentals,True,3,2024-02-25T00:00:00,Physical Education,2025-03-31T18:05:19.787689
"[""ASG718362""]",CRS826044,2025-03-31T18:05:19.781112,Develop and complete a project that demonstrates mastery of key concepts. Module content relates to Web Project - Part 4.,8,2024-03-12T00:00:00,MOD288089,Web Project - Part 4,True,4,2024-03-04T00:00:00,Physical Education,2025-03-31T18:05:19.787827
"[""ASG400349"", ""ASG390050""]",CRS826044,2025-03-31T18:05:19.781112,Explore the fundamental theories that underpin this subject area. Module content relates to Web Theory.,7,2024-03-20T00:00:00,MOD782676,Module 5: Web Theory,True,5,2024-03-13T00:00:00,Physical Education,2025-03-31T18:05:19.787827
"[""ASG821742""]",CRS826044,2025-03-31T18:05:19.781112,Explore advanced concepts through guided research activities. Module content relates to Web Fundamentals.,7,2024-03-28T00:00:00,MOD125268,Research 6: Web Fundamentals,True,6,2024-03-21T00:00:00,Physical Education,2025-03-31T18:05:19.787827
"[""ASG698968"", ""ASG861501""]",CRS826044,2025-03-31T18:05:19.781112,Engage in critical discussions about important topics in the field. Module content relates to Web Discussion.,7,2024-04-05T00:00:00,MOD952839,Module 7: Web Discussion,True,7,2024-03-29T00:00:00,Physical Education,2025-03-31T18:05:19.787827
"[""ASG873595"", ""ASG627340""]",CRS826044,2025-03-31T18:05:19.781112,This project-based module allows application of learned skills. Module content relates to Web Project - Part 8.,7,2024-04-13T00:00:00,MOD287801,Web Project - Part 8,True,8,2024-04-06T00:00:00,Physical Education,2025-03-31T18:05:19.787827
"[""ASG763828"", ""ASG383387""]",CRS826044,2025-03-31T18:05:19.781112,Explore advanced concepts through guided research activities. Module content relates to Web Research - Part 9.,3,2024-04-17T00:00:00,MOD028050,Web Research - Part 9,True,9,2024-04-14T00:00:00,Physical Education,2025-03-31T18:05:19.787827
"[""ASG705138""]",CRS826262,2025-03-31T18:05:19.781112,Work on a comprehensive project to solidify understanding. Module content relates to Studio Project.,7,2024-02-18T00:00:00,MOD093391,Module 1: Studio Project,True,1,2024-02-11T00:00:00,Art,2025-03-31T18:05:19.787827
"[""ASG540744""]",CRS826262,2025-03-31T18:05:19.781112,Explore advanced concepts through guided research activities. Module content relates to Research in Studio.,8,2024-02-27T00:00:00,MOD871068,Unit 2: Research in Studio,True,2,2024-02-19T00:00:00,Art,2025-03-31T18:05:19.787827
"[""ASG936101""]",CRS826262,2025-03-31T18:05:19.781112,Engage in critical discussions about important topics in the field. Module content relates to Studio Fundamentals.,8,2024-03-07T00:00:00,MOD871910,Discussion 3: Studio Fundamentals,True,3,2024-02-28T00:00:00,Art,2025-03-31T18:05:19.787827
"[""ASG342495""]",CRS826262,2025-03-31T18:05:19.781112,Participate in structured discussions to deepen understanding. Module content relates to Discussion in Studio.,8,2024-03-16T00:00:00,MOD553508,Unit 4: Discussion in Studio,True,4,2024-03-08T00:00:00,Art,2025-03-31T18:05:19.787827
"[""ASG314989"", ""ASG026732""]",CRS826262,2025-03-31T18:05:19.781112,This project-based module allows application of learned skills. Module content relates to Studio Project - Part 5.,7,2024-03-24T00:00:00,MOD753901,Studio Project - Part 5,True,5,2024-03-17T00:00:00,Art,2025-03-31T18:05:19.787827
"[""ASG791693"", ""ASG155544""]",CRS826262,2025-03-31T18:05:19.781112,This project-based module allows application of learned skills. Module content relates to Studio Project - Part 6.,7,2024-04-01T00:00:00,MOD010701,Studio Project - Part 6,True,6,2024-03-25T00:00:00,Art,2025-03-31T18:05:19.787827
"[""ASG935266""]",CRS826262,2025-03-31T18:05:19.781112,This module covers the theoretical foundations of the subject. Module content relates to Theory in Studio.,7,2024-04-09T00:00:00,MOD966948,Unit 7: Theory in Studio,True,7,2024-04-02T00:00:00,Art,2025-03-31T18:05:19.787827
"[""ASG192119"", ""ASG765634""]",CRS826262,2025-03-31T18:05:19.781112,This module focuses on research methodologies and applications. Module content relates to Studio Research.,8,2024-04-18T00:00:00,MOD242527,Module 8: Studio Research,True,8,2024-04-10T00:00:00,Art,2025-03-31T18:05:19.787827
"[""ASG266675"", ""ASG428269""]",CRS826262,2025-03-31T18:05:19.781112,Explore the fundamental theories that underpin this subject area. Module content relates to Studio Theory - Part 9.,7,2024-04-26T00:00:00,MOD817839,Studio Theory - Part 9,False,9,2024-04-19T00:00:00,Art,2025-03-31T18:05:19.787827
"[""ASG083999""]",CRS826262,2025-03-31T18:05:19.781112,Participate in structured discussions to deepen understanding. Module content relates to Studio Discussion.,7,2024-05-04T00:00:00,MOD277555,Module 10: Studio Discussion,False,10,2024-04-27T00:00:00,Art,2025-03-31T18:05:19.787827
"[""ASG980029""]",CRS826262,2025-03-31T18:05:19.781112,Engage in critical discussions about important topics in the field. Module content relates to Discussion Applications.,7,2024-05-12T00:00:00,MOD947178,Studio 11: Discussion Applications,True,11,2024-05-05T00:00:00,Art,2025-03-31T18:05:19.787827
"[""ASG422471""]",CRS751708,2025-03-31T18:05:19.781112,Explore advanced concepts through guided research activities. Module content relates to Photography Research - Part 1.,7,2023-09-21T00:00:00,MOD460448,Photography Research - Part 1,True,1,2023-09-14T00:00:00,Social Studies,2025-03-31T18:05:19.787827
"[""ASG057004"", ""ASG882392""]",CRS751708,2025-03-31T18:05:19.781112,This discussion-based module promotes critical thinking and analysis. Module content relates to Photography Discussion - Part 2.,7,2023-09-29T00:00:00,MOD637452,Photography Discussion - Part 2,True,2,2023-09-22T00:00:00,Social Studies,2025-03-31T18:05:19.787827
"[""ASG627465""]",CRS751708,2025-03-31T18:05:19.781112,Work on a comprehensive project to solidify understanding. Module content relates to Project in Photography.,9,2023-10-09T00:00:00,MOD523372,Unit 3: Project in Photography,True,3,2023-09-30T00:00:00,Social Studies,2025-03-31T18:05:19.787827
"[""ASG283523"", ""ASG254625""]",CRS751708,2025-03-31T18:05:19.781112,Participate in structured discussions to deepen understanding. Module content relates to Photography Discussion.,7,2023-10-17T00:00:00,MOD904792,Module 4: Photography Discussion,True,4,2023-10-10T00:00:00,Social Studies,2025-03-31T18:05:19.787827
"[""ASG525902"", ""ASG114876""]",CRS751708,2025-03-31T18:05:19.781112,Students will learn the core concepts and principles. Module content relates to Theory Applications.,7,2023-10-25T00:00:00,MOD375146,Photography 5: Theory Applications,True,5,2023-10-18T00:00:00,Social Studies,2025-03-31T18:05:19.787827
"[""ASG938481""]",CRS751708,2025-03-31T18:05:19.781112,Explore the fundamental theories that underpin this subject area. Module content relates to Theory in Photography.,7,2023-11-02T00:00:00,MOD745763,Unit 6: Theory in Photography,True,6,2023-10-26T00:00:00,Social Studies,2025-03-31T18:05:19.787827
"[""ASG301055""]",CRS751708,2025-03-31T18:05:19.781112,Students will learn the core concepts and principles. Module content relates to Photography Theory.,8,2023-11-11T00:00:00,MOD526198,Module 7: Photography Theory,True,7,2023-11-03T00:00:00,Social Studies,2025-03-31T18:05:19.787827
"[""ASG716801""]",CRS751708,2025-03-31T18:05:19.781112,Students will learn the core concepts and principles. Module content relates to Theory in Photography.,7,2023-11-19T00:00:00,MOD419779,Unit 8: Theory in Photography,True,8,2023-11-12T00:00:00,Social Studies,2025-03-31T18:05:19.787827
"[""ASG380420""]",CRS751708,2025-03-31T18:05:19.781112,Explore advanced concepts through guided research activities. Module content relates to Photography Fundamentals.,7,2023-11-27T00:00:00,MOD171837,Research 9: Photography Fundamentals,True,9,2023-11-20T00:00:00,Social Studies,2025-03-31T18:05:19.787827
"[""ASG791637"", ""ASG457784""]",CRS751708,2025-03-31T18:05:19.781112,This discussion-based module promotes critical thinking and analysis. Module content relates to Photography Discussion.,8,2023-12-06T00:00:00,MOD657858,Module 10: Photography Discussion,False,10,2023-11-28T00:00:00,Social Studies,2025-03-31T18:05:19.787827
